#name, A, B, C, D, E, F, G, H, I, J, K
NODE_0000000, 0.0011930534000856874, 0.49584572456762904, 0.496424349390677, 0.0007967240711004418, 0.0007858737613589539, 0.0008668023863647806, 0.0008027998261579583, 0.0007891119467387871, 0.0008967396336827186, 0.0008033635790501125, 0.0007954574371544151
NODE_0000001, 6.045725368737613e-06, 0.0018639421960911723, 0.9980967008577668, 4.065153956331352e-06, 4.007004042526788e-06, 4.410122006483602e-06, 4.091911897876587e-06, 4.023109418626126e-06, 4.556429264652673e-06, 4.098355778625927e-06, 4.0591344079824005e-06
SAMEA3541827, 0.0, 0.0, 1.0, 0.0, 0.0, 0.0, 0.0, 0.0, 0.0, 0.0, 0.0
NODE_0000002, 4.1930757685414474e-08, 7.058138215604378e-06, 0.9999926274274105, 3.3269338707517105e-08, 3.2785583865135685e-08, 3.606101695490818e-08, 3.3468444964239505e-08, 3.2916342833644485e-08, 3.724224447299178e-08, 3.35394309455273e-08, 3.3221213635312955e-08
SAMEA104233046, 0.0, 0.0, 0.9999999999999999, 0.0, 0.0, 0.0, 0.0, 0.0, 0.0, 0.0, 0.0
NODE_0000003, 1.5425931655233877e-08, 7.793951862968995e-08, 0.9999997804503424, 1.5400544492133657e-08, 1.5179326249293808e-08, 1.6707044132692594e-08, 1.5491789235551164e-08, 1.5240335646798717e-08, 1.7261013398780675e-08, 1.5526370163077372e-08, 1.5377783992811785e-08
SAMEA104233047, 0.0, 0.0, 1.0, 0.0, 0.0, 0.0, 0.0, 0.0, 0.0, 0.0, 0.0
NODE_0000004, 1.535581485479805e-08, 5.1895141688479495e-08, 0.9999998068479641, 1.5365958159176476e-08, 1.514525463905342e-08, 1.666962187951746e-08, 1.545696589817134e-08, 1.520613034764317e-08, 1.7222396227372304e-08, 1.549150683216977e-08, 1.534324545520693e-08
NODE_0000005, 1.527613549299919e-08, 5.1404939007735965e-08, 0.9999998080688864, 1.528640160378468e-08, 1.5066893055066046e-08, 1.6583550695718052e-08, 1.537703847023388e-08, 1.5127461514714647e-08, 1.7133582652874912e-08, 1.541131292937035e-08, 1.5263798278813897e-08
SAMEA6812876, 0.0, 0.0, 1.0, 0.0, 0.0, 0.0, 0.0, 0.0, 0.0, 0.0, 0.0
SAMEA6812877, 0.0, 0.0, 1.0, 0.0, 0.0, 0.0, 0.0, 0.0, 0.0, 0.0, 0.0
NODE_0000006, 1.531570436777183e-08, 5.160016329680894e-08, 0.9999998075102092, 1.5325979851522947e-08, 1.510587687408365e-08, 1.662637014743579e-08, 1.5416801172069844e-08, 1.5166598194856634e-08, 1.7177766539391367e-08, 1.5451208263462326e-08, 1.5303322102842953e-08
SAMEA104233049, 0.0, 0.0, 1.0, 0.0, 0.0, 0.0, 0.0, 0.0, 0.0, 0.0, 0.0
NODE_0000007, 1.5276030915018168e-08, 5.1403829215595114e-08, 0.9999998080709499, 1.52862977192262e-08, 1.506679079671304e-08, 1.658343859884886e-08, 1.5376934226306516e-08, 1.5127358865196466e-08, 1.7133467124026014e-08, 1.541120822849436e-08, 1.5263694526799944e-08
SAMEA104233048, 0.0, 0.0, 0.9999999999999999, 0.0, 0.0, 0.0, 0.0, 0.0, 0.0, 0.0, 0.0
SAMEA3541826, 0.0, 0.0, 0.9999999999999999, 0.0, 0.0, 0.0, 0.0, 0.0, 0.0, 0.0, 0.0
NODE_0000008, 8.774837410985864e-06, 0.9981597486919315, 0.0017994514146624442, 3.908161263041791e-06, 3.852448335646276e-06, 4.239659518906143e-06, 3.934182994724032e-06, 3.867923241374604e-06, 4.380258136830783e-06, 3.940053117295608e-06, 3.902369387181763e-06
GCA_000323845.1_ASM32384v1_genomic, 0.0, 1.0, 0.0, 0.0, 0.0, 0.0, 0.0, 0.0, 0.0, 0.0, 0.0
NODE_0000009, 1.9074587700570928e-07, 0.9999929105823127, 6.644172185477911e-06, 3.10546565913866e-08, 3.060628655530517e-08, 3.365699477610501e-08, 3.137851647062242e-08, 3.072834336982494e-08, 3.4758554231529465e-08, 3.130641984381808e-08, 3.100985305078051e-08
NODE_0000010, 4.802944144354726e-08, 0.999999761484079, 7.391519876596766e-08, 1.422547656667763e-08, 1.4023169427739749e-08, 1.5430597568956122e-08, 1.4325099285952317e-08, 1.4079446575186868e-08, 1.5941656891334412e-08, 1.434141442697238e-08, 1.4204420075104563e-08
NODE_0000011, 4.710536377459113e-08, 0.9999997878102526, 4.964597378290936e-08, 1.408713990085488e-08, 1.3886886430537299e-08, 1.5280945408917823e-08, 1.4185326405169933e-08, 1.3942629188612231e-08, 1.5787237541242642e-08, 1.42019715599517e-08, 1.4066273459869537e-08
GCA_006376585.1_ASM637658v1_genomic, 0.0, 1.0, 0.0, 0.0, 0.0, 0.0, 0.0, 0.0, 0.0, 0.0, 0.0
GCA_008630455.1_ASM863045v1_genomic, 0.0, 1.0, 0.0, 0.0, 0.0, 0.0, 0.0, 0.0, 0.0, 0.0, 0.0
NODE_0000012, 4.745221493773668e-08, 0.9999997865194571, 5.0011848801586476e-08, 1.4157755172712385e-08, 1.3956454454520277e-08, 1.53573330488525e-08, 1.4256468479617923e-08, 1.4012469600582998e-08, 1.5866055974141754e-08, 1.427315086505088e-08, 1.4136791528380556e-08
NODE_0000013, 4.7275537498905186e-08, 0.9999997872589841, 4.9741263698398924e-08, 1.4122052992696006e-08, 1.3921281881649511e-08, 1.5318713007056414e-08, 1.4220498133672575e-08, 1.3977159328940892e-08, 1.5826207235705452e-08, 1.423716354517016e-08, 1.4101138470660929e-08
GCA_001294915.1_ASM129491v1_genomic, 0.0, 1.0, 0.0, 0.0, 0.0, 0.0, 0.0, 0.0, 0.0, 0.0, 0.0
NODE_0000014, 4.71024258340855e-08, 0.9999997879033783, 4.9558660645645985e-08, 1.4086788816256218e-08, 1.3886540657742633e-08, 1.528056606813328e-08, 1.418497089736295e-08, 1.394228207431884e-08, 1.5786846330304248e-08, 1.4201617692048694e-08, 1.4065922840652159e-08
GCA_000382545.1_Yersinia_pestis_assembly_genomic, 0.0, 1.0, 0.0, 0.0, 0.0, 0.0, 0.0, 0.0, 0.0, 0.0, 0.0
GCA_001188935.1_ASM118893v1_genomic, 0.0, 1.0, 0.0, 0.0, 0.0, 0.0, 0.0, 0.0, 0.0, 0.0, 0.0
NODE_0000015, 4.727616715201399e-08, 0.999999787256969, 4.974192744572706e-08, 1.4122141257094938e-08, 1.3921368785216757e-08, 1.531880823493003e-08, 1.4220587202806948e-08, 1.3977246564661679e-08, 1.5826305375797973e-08, 1.4237252500901602e-08, 1.410122662244568e-08
GCA_003074415.1_ASM307441v1_genomic, 0.0, 1.0, 0.0, 0.0, 0.0, 0.0, 0.0, 0.0, 0.0, 0.0, 0.0
NODE_0000016, 4.7274894088708315e-08, 0.9999997872613452, 4.974027984929384e-08, 1.4121963287704105e-08, 1.3921193559698078e-08, 1.531861622466764e-08, 1.4220407604444344e-08, 1.3977070669398736e-08, 1.5826107493397158e-08, 1.4237073137535741e-08, 1.4101048880121856e-08
GCA_003085875.1_ASM308587v1_genomic, 0.0, 1.0, 0.0, 0.0, 0.0, 0.0, 0.0, 0.0, 0.0, 0.0, 0.0
NODE_0000017, 4.710242349569525e-08, 0.9999997879033858, 4.9558657077065255e-08, 1.4086788588925535e-08, 1.3886540434041253e-08, 1.5280565823467468e-08, 1.418497066720104e-08, 1.3942281849781535e-08, 1.5786846078435034e-08, 1.420161746296962e-08, 1.4065922613589942e-08
GCA_001294905.1_ASM129490v1_genomic, 0.0, 1.0, 0.0, 0.0, 0.0, 0.0, 0.0, 0.0, 0.0, 0.0, 0.0
GCA_006376505.1_ASM637650v1_genomic, 0.0, 1.0, 0.0, 0.0, 0.0, 0.0, 0.0, 0.0, 0.0, 0.0, 0.0
NODE_0000018, 1.3256840942319848e-05, 0.9999862478538738, 1.7214168816436302e-07, 3.80066315906152e-08, 3.7460176621528665e-08, 4.118697496356313e-08, 5.0015209326701414e-08, 3.7626030748671026e-08, 4.256894766406591e-08, 3.8331622353870845e-08, 3.796790247189685e-08
NODE_0000019, 9.508219452870345e-08, 0.9999997379262017, 5.0307460036244165e-08, 1.4232703801382734e-08, 1.4030308240283848e-08, 1.543842724570137e-08, 1.4385615234033189e-08, 1.4086685567659433e-08, 1.594992438042173e-08, 1.4348774514023415e-08, 1.4211704671029343e-08
SAMEA104488961, 0.0, 1.0, 0.0, 0.0, 0.0, 0.0, 0.0, 0.0, 0.0, 0.0, 0.0
NODE_0000020, 4.7449185763838714e-08, 0.9999997870777713, 4.974411680688286e-08, 1.412260154404206e-08, 1.3921822234657905e-08, 1.531930578636268e-08, 1.4221271837729641e-08, 1.3977702060851069e-08, 1.5826819411103317e-08, 1.4237716740448082e-08, 1.4101686550961726e-08
GCA_000323625.1_ASM32362v1_genomic, 0.0, 1.0, 0.0, 0.0, 0.0, 0.0, 0.0, 0.0, 0.0, 0.0, 0.0
NODE_0000021, 4.7451154801326026e-08, 0.9999997866085424, 4.9925243811374984e-08, 1.4157581794297583e-08, 1.3956283648775708e-08, 1.5357145435721027e-08, 1.4256293155997285e-08, 1.4012298123184679e-08, 1.5865862358347463e-08, 1.4272976096406662e-08, 1.4136618389516851e-08
NODE_0000022, 4.744863267138421e-08, 0.9999997866152607, 4.9923234583595276e-08, 1.4157314523960908e-08, 1.3956020498772367e-08, 1.535685707917128e-08, 1.425602258924015e-08, 1.4012033966330263e-08, 1.5865565179838616e-08, 1.4272706731544105e-08, 1.4136351459232653e-08
NODE_0000023, 4.710305546306227e-08, 0.9999997879013639, 4.955932325043479e-08, 1.4086877079136835e-08, 1.3886627559820057e-08, 1.5280661294394646e-08, 1.4185059965344059e-08, 1.3942369308545287e-08, 1.5786944468749336e-08, 1.4201706646251815e-08, 1.4066010990919976e-08
GCA_000324525.1_ASM32452v1_genomic, 0.0, 0.9999999999999999, 0.0, 0.0, 0.0, 0.0, 0.0, 0.0, 0.0, 0.0, 0.0
GCA_001294805.1_ASM129480v1_genomic, 0.0, 0.9999999999999999, 0.0, 0.0, 0.0, 0.0, 0.0, 0.0, 0.0, 0.0, 0.0
NODE_0000024, 4.710305546306227e-08, 0.9999997879013639, 4.955932325043479e-08, 1.4086877079136835e-08, 1.3886627559820057e-08, 1.5280661294394646e-08, 1.4185059965344059e-08, 1.3942369308545287e-08, 1.5786944468749336e-08, 1.4201706646251815e-08, 1.4066010990919976e-08
GCA_000324665.1_ASM32466v1_genomic, 0.0, 0.9999999999999999, 0.0, 0.0, 0.0, 0.0, 0.0, 0.0, 0.0, 0.0, 0.0
GCA_000325185.1_ASM32518v1_genomic, 0.0, 0.9999999999999999, 0.0, 0.0, 0.0, 0.0, 0.0, 0.0, 0.0, 0.0, 0.0
NODE_0000025, 4.7449264629881217e-08, 0.9999997866132387, 4.9923900759125246e-08, 1.4157403008746815e-08, 1.3956107619193847e-08, 1.5356952544163626e-08, 1.4256111880877973e-08, 1.4012121419712805e-08, 1.586566356399249e-08, 1.4272795909352666e-08, 1.4136439831146169e-08
NODE_0000026, 4.710305775729123e-08, 0.9999997879013574, 4.9559325671621035e-08, 1.4086877302190215e-08, 1.3886627779310062e-08, 1.5280661534444664e-08, 1.4185060191162265e-08, 1.3942369528855061e-08, 1.578694471586095e-08, 1.4201706871019977e-08, 1.4066011213710339e-08
GCA_001294885.1_ASM129488v1_genomic, 0.0, 0.9999999999999999, 0.0, 0.0, 0.0, 0.0, 0.0, 0.0, 0.0, 0.0, 0.0
GCA_001294975.1_ASM129497v1_genomic, 0.0, 0.9999999999999999, 0.0, 0.0, 0.0, 0.0, 0.0, 0.0, 0.0, 0.0, 0.0
NODE_0000027, 4.7275526023107456e-08, 0.9999997872593243, 4.974094488235105e-08, 1.4122051770975535e-08, 1.3921280678633527e-08, 1.5318711688051924e-08, 1.4220496894933805e-08, 1.3977158121290755e-08, 1.582620587590795e-08, 1.4237162313819856e-08, 1.4101137250522295e-08
GCA_003086035.1_ASM308603v1_genomic, 0.0, 1.0, 0.0, 0.0, 0.0, 0.0, 0.0, 0.0, 0.0, 0.0, 0.0
NODE_0000028, 4.7102425789827333e-08, 0.9999997879033793, 4.95586594941255e-08, 1.4086788811970673e-08, 1.3886540653523165e-08, 1.5280566063508645e-08, 1.418497089301182e-08, 1.3942282070083186e-08, 1.578684632553757e-08, 1.4201617687729488e-08, 1.406592283637208e-08
GCA_001295115.1_ASM129511v1_genomic, 0.0, 1.0, 0.0, 0.0, 0.0, 0.0, 0.0, 0.0, 0.0, 0.0, 0.0
GCA_003085895.1_ASM308589v1_genomic, 0.0, 1.0, 0.0, 0.0, 0.0, 0.0, 0.0, 0.0, 0.0, 0.0, 0.0
NODE_0000029, 0.0036190995797608055, 0.9963379187797266, 9.177953357875238e-06, 3.8865145850361605e-06, 3.8312582993216655e-06, 4.214768182422491e-06, 5.857508063431968e-06, 3.849568551514548e-06, 4.359173895037695e-06, 3.921191218963765e-06, 3.8837043590611245e-06
NODE_0000030, 1.3192384664519166e-05, 0.9999863693646097, 1.1660325760128384e-07, 3.782813471730762e-08, 3.728436083110031e-08, 4.0994052663694975e-08, 4.978047601215436e-08, 3.744945332229032e-08, 4.236979440528943e-08, 3.815162665031431e-08, 3.778956951497498e-08
NODE_0000031, 9.450178155752584e-08, 0.9999997391908336, 4.9921946202935156e-08, 1.4196262296338976e-08, 1.3994407348658657e-08, 1.5399007984284707e-08, 1.43485133062484e-08, 1.4050643620539462e-08, 1.5909249919667178e-08, 1.4312041447888812e-08, 1.417531279224394e-08
GCA_001295025.1_ASM129502v1_genomic, 0.0, 0.9999999999999999, 0.0, 0.0, 0.0, 0.0, 0.0, 0.0, 0.0, 0.0, 0.0
GCA_006546665.1_ASM654666v1_genomic, 0.0, 0.9999999999999999, 0.0, 0.0, 0.0, 0.0, 0.0, 0.0, 0.0, 0.0, 0.0
NODE_0000032, 9.48471693969099e-08, 0.9999997383721981, 5.010488947828371e-08, 1.423170884857448e-08, 1.4029328171089741e-08, 1.543735169873782e-08, 1.4384356775224944e-08, 1.4085701338942117e-08, 1.594881407608663e-08, 1.4347771291467862e-08, 1.4210710733452714e-08
GCA_006546725.1_ASM654672v1_genomic, 0.0, 0.9999999999999999, 0.0, 0.0, 0.0, 0.0, 0.0, 0.0, 0.0, 0.0, 0.0
NODE_0000033, 4.727396616881783e-08, 0.9999997877261315, 4.9560417472593304e-08, 1.4087244358136316e-08, 1.388698943420129e-08, 1.5281058496756287e-08, 1.418564914254386e-08, 1.3942732877496651e-08, 1.5787355078599997e-08, 1.4202077147020348e-08, 1.406637802835922e-08
GCA_002981915.1_ASM298191v1_genomic, 0.0, 1.0, 0.0, 0.0, 0.0, 0.0, 0.0, 0.0, 0.0, 0.0, 0.0
GCA_006517425.1_ASM651742v1_genomic, 0.0, 1.0, 0.0, 0.0, 0.0, 0.0, 0.0, 0.0, 0.0, 0.0, 0.0
NODE_0000034, 0.9963741862441887, 0.0035833534768153113, 6.069385107333551e-06, 3.851192862126983e-06, 3.796442655918494e-06, 4.175425406881078e-06, 8.687248991595845e-06, 3.817495284552867e-06, 4.323232408651448e-06, 3.888528139551779e-06, 3.851328139441487e-06
NODE_0000035, 0.9999867330183261, 1.2841517378140182e-05, 5.089319025332628e-08, 3.696187317114432e-08, 3.6430736720737515e-08, 4.003615949009765e-08, 1.0870860959377601e-07, 3.6647826858834375e-08, 4.1470739140063006e-08, 3.7335001384592544e-08, 3.698015926628869e-08
GCA_009669545.1_ASM966954v1_genomic, 1.0, 0.0, 0.0, 0.0, 0.0, 0.0, 0.0, 0.0, 0.0, 0.0, 0.0
GCA_009669805.1_ASM966980v1_genomic, 1.0, 0.0, 0.0, 0.0, 0.0, 0.0, 0.0, 0.0, 0.0, 0.0, 0.0
NODE_0000036, 0.9999866363574954, 1.2935421124879052e-05, 5.114746600058711e-08, 3.714692364622703e-08, 3.6613012530373567e-08, 4.023540894771812e-08, 1.0988281998837458e-07, 3.6831131760475245e-08, 4.167749031874634e-08, 3.752184781435736e-08, 3.7165278780517936e-08
NODE_0000037, 0.9999997444383231, 9.300039505593083e-08, 1.4787417795288761e-08, 1.3984163094833824e-08, 1.3785343886270523e-08, 1.5157591069696575e-08, 4.713747854408135e-08, 1.387230373395013e-08, 1.5711285149630275e-08, 1.4130479463274035e-08, 1.3995219234512119e-08
SAMEA1061800, 1.0, 0.0, 0.0, 0.0, 0.0, 0.0, 0.0, 0.0, 0.0, 0.0, 0.0
NODE_0000038, 0.9999997917306525, 4.697640078759024e-08, 1.4621188532097522e-08, 1.3877891251763309e-08, 1.3680631808145124e-08, 1.5042678906915666e-08, 4.6799247875938936e-08, 1.3766976420272423e-08, 1.559229185732533e-08, 1.4023147222187742e-08, 1.388889300700392e-08
SAMEA5661384, 1.0, 0.0, 0.0, 0.0, 0.0, 0.0, 0.0, 0.0, 0.0, 0.0, 0.0
NODE_0000039, 0.9999997919010554, 4.681145637387879e-08, 1.462050475842693e-08, 1.38774526338077e-08, 1.3680199704888593e-08, 1.5042205191102222e-08, 4.679762491057653e-08, 1.3766541751792339e-08, 1.5591801239600985e-08, 1.4022704208847679e-08, 1.3888454113465346e-08
SAMEA5661365, 1.0, 0.0, 0.0, 0.0, 0.0, 0.0, 0.0, 0.0, 0.0, 0.0, 0.0
NODE_0000040, 0.999999791903593, 4.681025389915684e-08, 1.4620412046284519e-08, 1.3877365537551118e-08, 1.3680113950768366e-08, 1.5042111576185393e-08, 4.67970074387976e-08, 1.3766455435654237e-08, 1.5591704089276164e-08, 1.402261619100219e-08, 1.38883668941412e-08
SAMEA5661372, 0.9999999999999999, 0.0, 0.0, 0.0, 0.0, 0.0, 0.0, 0.0, 0.0, 0.0, 0.0
NODE_0000041, 0.9999997925242201, 4.6641142699796214e-08, 1.4584281125372295e-08, 1.3843082005633191e-08, 1.3646338708493822e-08, 1.5005096225481592e-08, 4.6628052494105065e-08, 1.3732457682238166e-08, 1.5553322354743563e-08, 1.3987966533622245e-08, 1.3854040039716452e-08
SAMEA4354665, 1.0, 0.0, 0.0, 0.0, 0.0, 0.0, 0.0, 0.0, 0.0, 0.0, 0.0
SAMEA5661389, 1.0, 0.0, 0.0, 0.0, 0.0, 0.0, 0.0, 0.0, 0.0, 0.0, 0.0
NODE_0000042, 0.9999996958725484, 9.400609453707737e-08, 1.493723919911622e-08, 1.416020994448791e-08, 1.3958699545781029e-08, 1.5310808611600698e-08, 9.33555571457317e-08, 1.4038317871121585e-08, 1.5898148602125535e-08, 1.4299584668827595e-08, 1.4162791260990462e-08
NODE_0000043, 0.999999791558153, 4.697980572125851e-08, 1.4621658244203786e-08, 1.3878474973871599e-08, 1.3681206397129486e-08, 1.504315838872054e-08, 4.696400123442582e-08, 1.3767514083719036e-08, 1.5592896978633676e-08, 1.4023695010333335e-08, 1.3889435833408982e-08
GCA_002412245.1_Y.pestis_A-1691_genomic, 1.0, 0.0, 0.0, 0.0, 0.0, 0.0, 0.0, 0.0, 0.0, 0.0, 0.0
NODE_0000044, 0.9999997925229829, 4.6641749647931796e-08, 1.4584285853717184e-08, 1.3843086208331217e-08, 1.3646342846023443e-08, 1.500510017581486e-08, 4.662864932552067e-08, 1.3732461675949557e-08, 1.5553326853264732e-08, 1.3987970604176094e-08, 1.3854044073105905e-08
GCA_003074535.1_ASM307453v1_genomic, 1.0, 0.0, 0.0, 0.0, 0.0, 0.0, 0.0, 0.0, 0.0, 0.0, 0.0
GCA_015274745.1_ASM1527474v1_genomic, 1.0, 0.0, 0.0, 0.0, 0.0, 0.0, 0.0, 0.0, 0.0, 0.0, 0.0
NODE_0000045, 0.9999867650462712, 1.0938897461785476e-07, 3.897120100373171e-08, 4.451259145886908e-08, 4.385320415822099e-08, 4.008332301842612e-08, 1.2779608414434733e-05, 4.299375933422799e-08, 4.839563519907581e-08, 4.377176690922313e-08, 4.3374858608471065e-08
GCA_000169675.1_ASM16967v1_genomic, 1.0, 0.0, 0.0, 0.0, 0.0, 0.0, 0.0, 0.0, 0.0, 0.0, 0.0
NODE_0000046, 0.9963921922034195, 8.687342256216832e-06, 4.055262954834452e-06, 5.117234993683792e-06, 5.04191055399344e-06, 4.175498854955241e-06, 0.0035589613213227373, 5.260674178901068e-06, 5.858195329119395e-06, 5.347068041919686e-06, 5.303288094170827e-06
NODE_0000047, 0.9999867186735499, 1.0939549297742879e-07, 3.906542054016907e-08, 4.46208243844467e-08, 4.395976753733031e-08, 4.018042913312263e-08, 1.2825134720573203e-05, 4.3098273934949174e-08, 4.8512903191420735e-08, 4.387823209399393e-08, 4.348038585974917e-08
NODE_0000048, 0.9999997455901148, 4.697752504885455e-08, 1.4695981965830978e-08, 1.3983151479618773e-08, 1.3784252199164561e-08, 1.5119825504324237e-08, 9.217980086963272e-08, 1.3862875154226515e-08, 1.5700010350064263e-08, 1.4120792541349532e-08, 1.3985670010226716e-08
GCA_000324065.1_ASM32406v1_genomic, 1.0, 0.0, 0.0, 0.0, 0.0, 0.0, 0.0, 0.0, 0.0, 0.0, 0.0
GCA_000734805.1_ASM73480v1_genomic, 1.0, 0.0, 0.0, 0.0, 0.0, 0.0, 0.0, 0.0, 0.0, 0.0, 0.0
NODE_0000049, 0.9999997448012437, 4.714784716928713e-08, 1.4732388326986177e-08, 1.4017780368120457e-08, 1.38183672699494e-08, 1.515712256445493e-08, 9.251321246751866e-08, 1.3897194353645896e-08, 1.5738752464752158e-08, 1.4155769763887293e-08, 1.402032156519698e-08
GCA_000323705.1_ASM32370v1_genomic, 1.0, 0.0, 0.0, 0.0, 0.0, 0.0, 0.0, 0.0, 0.0, 0.0, 0.0
NODE_0000050, 0.9999997923553599, 4.664275502974484e-08, 1.458474139810883e-08, 1.3843657618707416e-08, 1.3646905315174151e-08, 1.5005568401835104e-08, 4.67910242629676e-08, 1.3732987698239913e-08, 1.5553918871558682e-08, 1.3988506527937354e-08, 1.3854575142728143e-08
GCA_001188675.1_ASM118867v1_genomic, 0.9999999999999999, 0.0, 0.0, 0.0, 0.0, 0.0, 0.0, 0.0, 0.0, 0.0, 0.0
GCA_002412225.1_Y.pestis_A-1486_genomic, 0.9999999999999999, 0.0, 0.0, 0.0, 0.0, 0.0, 0.0, 0.0, 0.0, 0.0, 0.0
NODE_0000051, 0.007592972957099178, 1.3392916755759701e-05, 9.361233153453437e-06, 1.4737806709349627e-05, 1.450834682138204e-05, 9.634863052004513e-06, 0.9912348015584082, 0.00027797328162333803, 0.0002755819561306133, 0.0002784026336477235, 0.0002786324465990697
NODE_0000052, 2.7726012315693955e-05, 9.703946394263836e-08, 7.48058031134316e-08, 1.4302943779378899e-07, 1.4075504363836904e-07, 7.701619595210491e-08, 0.999968154813626, 8.950420686428732e-07, 8.949326381877891e-07, 8.981774045898131e-07, 8.983760025190157e-07
NODE_0000053, 1.4801315419044135e-07, 1.4671490323398754e-08, 1.521400831983436e-08, 3.384435550769366e-08, 3.3312522456595435e-08, 1.5689860996324935e-08, 0.9999996246723921, 2.7658828336919648e-08, 3.0909101903491404e-08, 2.81261798698401e-08, 2.788810611997313e-08
SAMEA5818811, 0.0, 0.0, 0.0, 0.0, 0.0, 0.0, 1.0, 0.0, 0.0, 0.0, 0.0
NODE_0000054, 4.768312433646637e-08, 1.4255839780246526e-08, 1.4899218708876264e-08, 3.3161456402427095e-08, 3.264103500148604e-08, 1.5365996675969828e-08, 0.9999997386740862, 2.485353604224926e-08, 2.8089739836398248e-08, 2.5306828832009264e-08, 2.5069138209148782e-08
SAMEA5054092, 0.0, 0.0, 0.0, 0.0, 0.0, 0.0, 0.9999999999999999, 0.0, 0.0, 0.0, 0.0
SAMEA5054093, 0.0, 0.0, 0.0, 0.0, 0.0, 0.0, 0.9999999999999999, 0.0, 0.0, 0.0, 0.0
NODE_0000055, 1.4856444014733552e-07, 1.4708906232831094e-08, 1.525280061421424e-08, 3.3994022992682096e-08, 3.345978416411917e-08, 1.5729899639821597e-08, 0.9999996233588047, 2.7743166102083136e-08, 3.1002983976625376e-08, 2.821198215714429e-08, 2.7973209286557412e-08
NODE_0000056, 4.7685126631794266e-08, 1.4255937119282575e-08, 1.4899318801945943e-08, 3.316194765077245e-08, 3.264151741719876e-08, 1.53661000025246e-08, 0.9999997386697528, 2.4853791452485746e-08, 2.809002321415066e-08, 2.530708880437133e-08, 2.506939613300275e-08
SAMEA3937653, 0.0, 0.0, 0.0, 0.0, 0.0, 0.0, 1.0, 0.0, 0.0, 0.0, 0.0
SAMN00715800, 0.0, 0.0, 0.0, 0.0, 0.0, 0.0, 1.0, 0.0, 0.0, 0.0, 0.0
NODE_0000057, 4.8308022779620763e-08, 1.4407572234462953e-08, 1.5057844791338326e-08, 4.474577337264177e-08, 4.410971624467456e-08, 1.5551675658945402e-08, 0.9999997133020389, 2.5141938007070483e-08, 2.841447066708175e-08, 2.5600654073907282e-08, 2.5360293233503532e-08
NODE_0000058, 4.7497448057497796e-08, 1.4290630454897317e-08, 1.49360619592771e-08, 3.3305468729128975e-08, 3.2782738680919105e-08, 1.54040300166705e-08, 0.9999997381843545, 2.49206682369803e-08, 2.816633754445693e-08, 2.537532510267277e-08, 2.5136936688189866e-08
SAMEA7293136, 0.0, 0.0, 0.0, 0.0, 0.0, 0.0, 1.0, 0.0, 0.0, 0.0, 0.0
NODE_0000059, 4.7494269961664243e-08, 1.4290235555878793e-08, 1.493565118047546e-08, 3.326838335378243e-08, 3.2746109886645005e-08, 1.540352723820209e-08, 0.999999738265907, 2.4919860261518126e-08, 2.8165432817287797e-08, 2.537450199206682e-08, 2.5136120683722665e-08
SAMEA5818815, 0.0, 0.0, 0.0, 0.0, 0.0, 0.0, 1.0, 0.0, 0.0, 0.0, 0.0
NODE_0000060, 4.7494897159041586e-08, 1.4290325306945958e-08, 1.4935744843051356e-08, 3.3268621579377544e-08, 3.274634304161778e-08, 1.5403623387678836e-08, 0.9999997382636063, 2.4920082510625362e-08, 2.81656821023826e-08, 2.5374728498240473e-08, 2.513634520229715e-08
SAMEA7313246_49, 0.0, 0.0, 0.0, 0.0, 0.0, 0.0, 1.0, 0.0, 0.0, 0.0, 0.0
NODE_0000061, 4.766909996007577e-08, 1.4326199189988219e-08, 1.497323110751649e-08, 3.3377717418199544e-08, 3.285354966742894e-08, 1.5442237109228002e-08, 0.9999997374505171, 2.499485599434647e-08, 2.82498665333999e-08, 2.545090040083277e-08, 2.52118255137196e-08
NODE_0000062, 4.7320056543176726e-08, 1.4254359550250663e-08, 1.489816281710928e-08, 3.3159166985970305e-08, 3.2638784551570844e-08, 1.5364911012177115e-08, 0.9999997390792654, 2.484508375907735e-08, 2.8081244983618807e-08, 2.5298327015073154e-08, 2.5060637326075546e-08
SAMEA5818805, 0.0, 0.0, 0.0, 0.0, 0.0, 0.0, 1.0, 0.0, 0.0, 0.0, 0.0
SAMEA6651390, 0.0, 0.0, 0.0, 0.0, 0.0, 0.0, 1.0, 0.0, 0.0, 0.0, 0.0
NODE_0000063, 4.7495541323989235e-08, 1.4290416846514478e-08, 1.493584036409809e-08, 3.326898200283198e-08, 3.274669658502407e-08, 1.540372172686246e-08, 0.9999997382610226, 2.492030900396736e-08, 2.816593613227773e-08, 2.5374959330268225e-08, 2.513657400994242e-08
SAMEA6637002, 0.0, 0.0, 0.0, 0.0, 0.0, 0.0, 1.0, 0.0, 0.0, 0.0, 0.0
NODE_0000064, 4.766974181728511e-08, 1.4326290496330313e-08, 1.497332638628292e-08, 3.337807704823559e-08, 3.285390243565531e-08, 1.5442335199650243e-08, 0.9999997374479409, 2.4995081814758023e-08, 2.8250119811225708e-08, 2.545113054674545e-08, 2.5212053641069013e-08
NODE_0000065, 4.749425760842275e-08, 1.4290234225360616e-08, 1.493564979880118e-08, 3.3268262736305314e-08, 3.274599104264966e-08, 1.540352553744639e-08, 0.9999997382661754, 2.49198573575049e-08, 2.8165429570088864e-08, 2.5374499032709302e-08, 2.5136117749575763e-08
SAMEA5818808, 0.0, 0.0, 0.0, 0.0, 0.0, 0.0, 0.9999999999999999, 0.0, 0.0, 0.0, 0.0
NODE_0000066, 4.731941703649309e-08, 1.4254268469815464e-08, 1.489806777444118e-08, 3.315880853128919e-08, 3.263843293450301e-08, 1.5364813164305134e-08, 0.9999997390818338, 2.48448586135856e-08, 2.808099245976175e-08, 2.52980975573229e-08, 2.506040988107569e-08
SAMEA5818803, 0.0, 0.0, 0.0, 0.0, 0.0, 0.0, 0.9999999999999999, 0.0, 0.0, 0.0, 0.0
SAMEA5818829, 0.0, 0.0, 0.0, 0.0, 0.0, 0.0, 0.9999999999999999, 0.0, 0.0, 0.0, 0.0
NODE_0000067, 4.7494899454367756e-08, 1.4290325536290894e-08, 1.493574508169406e-08, 3.3268622364926295e-08, 3.274634380922254e-08, 1.540362363247997e-08, 0.9999997382635989, 2.4920083178844387e-08, 2.8165682849116986e-08, 2.5374729179556288e-08, 2.513634587783948e-08
SAMEA7313243_45, 0.0, 0.0, 0.0, 0.0, 0.0, 0.0, 1.0, 0.0, 0.0, 0.0, 0.0
NODE_0000068, 4.749425525065408e-08, 1.4290233992866925e-08, 1.4935649556654005e-08, 3.3268261554279155e-08, 3.2745989885209656e-08, 1.5403525288238682e-08, 0.9999997382661836, 2.4919856677295457e-08, 2.816542881005023e-08, 2.5374498339164343e-08, 2.513611706190088e-08
SAMEA5818801, 0.0, 0.0, 0.0, 0.0, 0.0, 0.0, 1.0, 0.0, 0.0, 0.0, 0.0
NODE_0000069, 4.749361339616033e-08, 1.4290142681304587e-08, 1.4935554273109957e-08, 3.326790192179615e-08, 3.274563711486388e-08, 1.5403427192532104e-08, 0.9999997382687598, 2.4919630853896867e-08, 2.8165175528728455e-08, 2.5374268190217063e-08, 2.5135888931554105e-08
SAMEA3713714, 0.0, 0.0, 0.0, 0.0, 0.0, 0.0, 1.0, 0.0, 0.0, 0.0, 0.0
NODE_0000070, 4.731941468517719e-08, 1.4254268235399544e-08, 1.4898067530546093e-08, 3.3158807350793984e-08, 3.2638431778714366e-08, 1.53648129131486e-08, 0.9999997390818419, 2.4844857933054026e-08, 2.8080991699284324e-08, 2.5298096863455063e-08, 2.506040919308642e-08
SAMEA7293135, 0.0, 0.0, 0.0, 0.0, 0.0, 0.0, 1.0, 0.0, 0.0, 0.0, 0.0
SAMEA7313236_38, 0.0, 0.0, 0.0, 0.0, 0.0, 0.0, 1.0, 0.0, 0.0, 0.0, 0.0
NODE_0000071, 1.0161782292254863e-07, 3.3845539684684954e-08, 3.539174434066016e-08, 3.528115229028471e-06, 3.5017346001266878e-06, 4.2321626749970945e-08, 0.999992523954744, 5.605911983054244e-08, 6.329760533849448e-08, 5.7096924782656174e-08, 5.656504309592666e-08
SAMEA3937654, 0.0, 0.0, 0.0, 0.0, 0.0, 0.0, 0.9999999999999999, 0.0, 0.0, 0.0, 0.0
NODE_0000072, 9.04007038805044e-06, 4.06928282896393e-06, 4.256228884917287e-06, 0.0010784554526550969, 0.0010731293877020579, 5.761176455563471e-06, 0.9978009013585422, 5.86537567875958e-06, 6.629554276760615e-06, 5.97413663122797e-06, 5.917975956501407e-06
SAMEA5054090, 0.0, 0.0, 0.0, 0.0, 0.0, 0.0, 0.9999999999999999, 0.0, 0.0, 0.0, 0.0
NODE_0000073, 0.0006758816079513433, 0.0004550282934642403, 0.0004758866032331632, 0.33280177220176144, 0.33198591280379236, 0.0007349832799259587, 0.3306165534463718, 0.0005418807039092409, 0.0006135370698352668, 0.0005519152663618985, 0.0005466487233931617
NODE_0000074, 5.20867615995405e-06, 3.998682395532959e-06, 4.183697053341731e-06, 0.9978524954582465, 0.0010592114968086695, 5.665035238887807e-06, 0.0010507004769122255, 4.456511458278928e-06, 5.0429479457198495e-06, 4.540066849501752e-06, 4.496950931369909e-06
GCA_000835005.1_ASM83500v1_genomic, 0.0, 0.0, 0.0, 0.9999999999999999, 0.0, 0.0, 0.0, 0.0, 0.0, 0.0, 0.0
NODE_0000075, 3.765075152713706e-08, 3.271620054117723e-08, 3.4239438190590904e-08, 0.9999929497552981, 3.4006102804033064e-06, 4.095114527745469e-08, 3.361071359962439e-06, 3.437951352461742e-08, 3.890249862582156e-08, 3.502805261095782e-08, 3.4695461058065987e-08
GCA_000169615.1_ASM16961v1_genomic, 0.0, 0.0, 0.0, 1.0, 0.0, 0.0, 0.0, 0.0, 0.0, 0.0, 0.0
GCA_003798225.1_ASM379822v1_genomic, 0.0, 0.0, 0.0, 1.0, 0.0, 0.0, 0.0, 0.0, 0.0, 0.0, 0.0
NODE_0000076, 5.1582614045291554e-06, 3.960361137518839e-06, 4.1433254087583076e-06, 0.0010530135133383558, 0.9978663755402636, 9.598009438459143e-06, 0.0010393937081775893, 4.413570885452769e-06, 4.993983114209088e-06, 4.496201868635425e-06, 4.453524962784638e-06
GCA_000325165.1_ASM32516v1_genomic, 0.0, 0.0, 0.0, 0.0, 1.0, 0.0, 0.0, 0.0, 0.0, 0.0, 0.0
NODE_0000077, 3.725474065972513e-08, 3.2371599408544374e-08, 3.387528196030888e-08, 3.387641469598684e-06, 0.9999928442646947, 1.9996119811605646e-07, 3.3231393859519503e-06, 3.401761548995661e-08, 3.8486850682468313e-08, 3.46579285154184e-08, 3.4329234598200175e-08
GCA_000323965.1_ASM32396v1_genomic, 0.0, 0.0, 0.0, 0.0, 1.0, 0.0, 0.0, 0.0, 0.0, 0.0, 0.0
NODE_0000078, 3.6348765986895376e-08, 3.657120938766803e-08, 3.827385395535611e-08, 1.0278030201641552e-07, 0.9999868419587529, 1.2692129891228968e-05, 1.0212992882460177e-07, 3.6014060813404747e-08, 4.0760576681904345e-08, 3.669091088752819e-08, 3.6341747393516675e-08
NODE_0000079, 1.3635713083179431e-08, 1.3739653144168066e-08, 1.4373190733871418e-08, 3.2251910482127766e-08, 0.9999997431934194, 9.431430066052071e-08, 3.2248311707994946e-08, 1.3518142746626295e-08, 1.531774242550107e-08, 1.376996866875126e-08, 1.3637647069482271e-08
NODE_0000080, 1.3466583229090798e-08, 1.3569576211259772e-08, 1.4195040794193351e-08, 3.173785328587882e-08, 0.9999997905472452, 4.919905990643507e-08, 3.173818133056687e-08, 1.3350523911574677e-08, 1.512837055947591e-08, 1.3599143079474768e-08, 1.3468422595083047e-08
GCA_015158475.1_ASM1515847v1_genomic, 0.0, 0.0, 0.0, 0.0, 0.9999999999999999, 0.0, 0.0, 0.0, 0.0, 0.0, 0.0
GCA_015158625.1_ASM1515862v1_genomic, 0.0, 0.0, 0.0, 0.0, 0.9999999999999999, 0.0, 0.0, 0.0, 0.0, 0.0, 0.0
NODE_0000081, 1.3499567252612331e-08, 1.3602760220452174e-08, 1.4229805904878246e-08, 3.183988878963665e-08, 0.9999997899299164, 4.937585432822729e-08, 3.1839753431799036e-08, 1.3383226088974744e-08, 1.516531386915679e-08, 1.3632473045691083e-08, 1.3501440405749097e-08
GCA_000323445.1_ASM32344v1_genomic, 0.0, 0.0, 0.0, 0.0, 1.0, 0.0, 0.0, 0.0, 0.0, 0.0, 0.0
NODE_0000082, 1.3498985050909179e-08, 1.3602175230065563e-08, 1.4229192742699323e-08, 3.183794968439253e-08, 0.9999997900976945, 4.921611420685899e-08, 3.183783416327017e-08, 1.338264910675577e-08, 1.5164662928047177e-08, 1.3631884876325059e-08, 1.3500857682397397e-08
GCA_000324725.1_ASM32472v1_genomic, 0.0, 0.0, 0.0, 0.0, 0.9999999999999999, 0.0, 0.0, 0.0, 0.0, 0.0, 0.0
NODE_0000083, 1.3466081083850391e-08, 1.35690715915782e-08, 1.4194511952593085e-08, 3.173623742936111e-08, 0.9999997907131736, 4.9039950909020094e-08, 3.173658226704783e-08, 1.3350026279477782e-08, 1.5127808994327073e-08, 1.3598635827770825e-08, 1.3467920050801709e-08
GCA_000323805.1_ASM32380v1_genomic, 0.0, 0.0, 0.0, 0.0, 1.0, 0.0, 0.0, 0.0, 0.0, 0.0, 0.0
GCA_000324705.1_ASM32470v1_genomic, 0.0, 0.0, 0.0, 0.0, 1.0, 0.0, 0.0, 0.0, 0.0, 0.0, 0.0
NODE_0000084, 3.79272220695019e-06, 3.822634418116768e-06, 3.9991957317565195e-06, 6.7379527203918604e-06, 0.9964201883252982, 0.0035390643138339824, 6.7504181191729675e-06, 3.76067791507652e-06, 4.25872206652093e-06, 3.8308351620312565e-06, 3.79420252769643e-06
NODE_0000085, 3.59286439871139e-08, 3.619906378608639e-08, 3.788390279611023e-08, 7.674343356725287e-08, 0.9999870546302448, 1.2533676418780197e-05, 7.674389597975718e-08, 3.5626089994881234e-08, 4.032294096779206e-08, 3.6295436193780825e-08, 3.5949929180317375e-08
GCA_000324385.1_ASM32438v1_genomic, 0.0, 0.0, 0.0, 0.0, 1.0, 0.0, 0.0, 0.0, 0.0, 0.0, 0.0
GCA_000325385.1_ASM32538v1_genomic, 0.0, 0.0, 0.0, 0.0, 1.0, 0.0, 0.0, 0.0, 0.0, 0.0, 0.0
NODE_0000086, 4.164398539269396e-06, 4.198314459236754e-06, 4.3925776205426735e-06, 5.55696503596687e-06, 0.0038848405870792477, 0.9960740910507405, 5.5780350051331015e-06, 4.129933056998985e-06, 4.673973497409777e-06, 4.207097166225104e-06, 4.167067799462245e-06
GCA_000182505.1_ASM18250v1_genomic, 0.0, 0.0, 0.0, 0.0, 0.0, 1.0, 0.0, 0.0, 0.0, 0.0, 0.0
NODE_0000087, 4.3668293255460745e-08, 4.401867347124307e-08, 4.6075469770786325e-08, 5.278619166250643e-08, 1.526052169673195e-05, 0.9999843198151909, 5.2986584705833637e-08, 4.331561342650318e-08, 4.8963747322105325e-08, 4.4132154095223335e-08, 4.371638469260109e-08
NODE_0000088, 1.64899444790996e-08, 1.6628270077926077e-08, 1.7399302928019123e-08, 1.6588937572328943e-08, 1.1352736858593053e-07, 0.9999997346607225, 1.6682876508879582e-08, 1.6356335184945543e-08, 1.849896578054144e-08, 1.666249071203842e-08, 1.6504785694649787e-08
GCA_003798085.1_ASM379808v1_genomic, 0.0, 0.0, 0.0, 0.0, 0.0, 1.0, 0.0, 0.0, 0.0, 0.0, 0.0
NODE_0000089, 1.6354546485001362e-08, 1.6491854079619234e-08, 1.7256407021245436e-08, 1.6408912566758864e-08, 5.4470034708264944e-08, 0.9999997950516883, 1.6502449815678393e-08, 1.622200419544441e-08, 1.8347357897626645e-08, 1.6525588750734817e-08, 1.6369156135034693e-08
GCA_000169635.1_ASM16963v1_genomic, 0.0, 0.0, 0.0, 0.0, 0.0, 1.0, 0.0, 0.0, 0.0, 0.0, 0.0
NODE_0000090, 1.635394007597885e-08, 1.649124325227321e-08, 1.7255766896070296e-08, 1.640810742020242e-08, 5.423976892156858e-08, 0.9999997952879244, 1.6501643343346254e-08, 1.6221402474260768e-08, 1.834667949028126e-08, 1.6524975409328714e-08, 1.636854844320615e-08
GCA_000168235.2_ASM16823v2_genomic, 0.0, 0.0, 0.0, 0.0, 0.0, 0.9999999999999999, 0.0, 0.0, 0.0, 0.0, 0.0
NODE_0000091, 1.6353937187035875e-08, 1.6491240342836555e-08, 1.7255763845111092e-08, 1.6408103687266284e-08, 5.423886782477439e-08, 0.9999997952888535, 1.650163960583689e-08, 1.6221399606781768e-08, 1.834667626239776e-08, 1.6524972485748363e-08, 1.6368545546190194e-08
GCA_001261985.1_YPW_3_IHQD_genomic, 0.0, 0.0, 0.0, 0.0, 0.0, 0.9999999999999999, 0.0, 0.0, 0.0, 0.0, 0.0
NODE_0000092, 1.6353820087324823e-08, 1.6491122366465583e-08, 1.7255640019500396e-08, 1.6407985463883088e-08, 5.4238028585951044e-08, 0.9999997952907718, 1.650152102247991e-08, 1.6221283286529188e-08, 1.8346545645487528e-08, 1.6524853849851582e-08, 1.636842796517468e-08
GCA_000590535.2_ASM59053v2_genomic, 0.0, 0.0, 0.0, 0.0, 0.0, 1.0, 0.0, 0.0, 0.0, 0.0, 0.0
NODE_0000093, 1.6310172705373268e-08, 1.6447128685999453e-08, 1.720953489794899e-08, 1.6364072795696517e-08, 5.402518606921954e-08, 0.9999997959054465, 1.6457417126181175e-08, 1.6177957484737723e-08, 1.829772228921127e-08, 1.6480691069178767e-08, 1.632467034806571e-08
GCA_000324805.2_EV76-CN_genomic, 0.0, 0.0, 0.0, 0.0, 0.0, 1.0, 0.0, 0.0, 0.0, 0.0, 0.0
GCA_000475115.2_YP113_v2_genomic, 0.0, 0.0, 0.0, 0.0, 0.0, 1.0, 0.0, 0.0, 0.0, 0.0, 0.0
NODE_0000094, 1.6534309467079587e-08, 1.6672986575307715e-08, 1.7446166558553467e-08, 1.6633692606551178e-08, 1.1397724693909626e-07, 0.9999997338021662, 1.6727824273352136e-08, 1.6400373646333077e-08, 1.8548589919253254e-08, 1.6707380285944748e-08, 1.65492636047824e-08
NODE_0000095, 1.635478387964414e-08, 1.64920932503903e-08, 1.725665804993305e-08, 1.6409152864163177e-08, 5.447263728809282e-08, 0.9999997950468975, 1.650269083870056e-08, 1.6222240009244278e-08, 1.8347622695992125e-08, 1.6525829258967847e-08, 1.6369394504646996e-08
GCA_000323985.1_ASM32398v1_genomic, 0.0, 0.0, 0.0, 0.0, 0.0, 1.0, 0.0, 0.0, 0.0, 0.0, 0.0
NODE_0000096, 1.63977049106309e-08, 1.6535355262675355e-08, 1.7301996221950568e-08, 1.6452138589457122e-08, 5.445346371942542e-08, 0.9999997946713153, 1.6545866096185073e-08, 1.626484495064008e-08, 1.8395633842267176e-08, 1.6569257189589952e-08, 1.6412424003161158e-08
NODE_0000097, 1.631029012322347e-08, 1.6447246982759585e-08, 1.7209659060301245e-08, 1.636419134206751e-08, 5.4026028628040115e-08, 0.9999997959035221, 1.6457536033115195e-08, 1.6178074121218046e-08, 1.8297853260065137e-08, 1.6480810027772503e-08, 1.6324788248992625e-08
GCA_000182525.1_ASM18252v1_genomic, 0.0, 0.0, 0.0, 0.0, 0.0, 1.0, 0.0, 0.0, 0.0, 0.0, 0.0
GCA_000986995.1_YPES001-SEQ-2-ASM-1_genomic, 0.0, 0.0, 0.0, 0.0, 0.0, 1.0, 0.0, 0.0, 0.0, 0.0, 0.0
NODE_0000098, 1.635405459239711e-08, 1.6491358627010528e-08, 1.7255887994299485e-08, 1.640822221713167e-08, 5.4239706901644953e-08, 0.9999997952869327, 1.6501758496223145e-08, 1.6221516230883277e-08, 1.834680721923044e-08, 1.6525091431731184e-08, 1.6368663434627012e-08
GCA_001487065.1_Yersinia_pestis_genomic, 0.0, 0.0, 0.0, 0.0, 0.0, 1.0, 0.0, 0.0, 0.0, 0.0, 0.0
NODE_0000099, 1.635382040338852e-08, 1.6491122684759164e-08, 1.7255640354060275e-08, 1.640798578440117e-08, 5.423803187316702e-08, 0.9999997952907654, 1.6501521343568254e-08, 1.622128360070415e-08, 1.8346545997081058e-08, 1.6524854170460117e-08, 1.6368428283019445e-08
GCA_003797205.1_ASM379720v1_genomic, 0.0, 0.0, 0.0, 0.0, 0.0, 1.0, 0.0, 0.0, 0.0, 0.0, 0.0
NODE_0000100, 1.6310172706226154e-08, 1.6447128686858e-08, 1.720953489885265e-08, 1.636407279656649e-08, 5.402518608202795e-08, 0.9999997959054465, 1.6457417127051647e-08, 1.6177957485586046e-08, 1.8297722290157615e-08, 1.6480691070044918e-08, 1.6324670348924618e-08
GCA_000268625.1_ASM26862v1_genomic, 0.0, 0.0, 0.0, 0.0, 0.0, 1.0, 0.0, 0.0, 0.0, 0.0, 0.0
GCA_000268865.1_ASM26886v1_genomic, 0.0, 0.0, 0.0, 0.0, 0.0, 1.0, 0.0, 0.0, 0.0, 0.0, 0.0
NODE_0000101, 1.639866836370626e-08, 1.6536325804438944e-08, 1.730301389763108e-08, 1.645330535062222e-08, 5.468808496704481e-08, 0.999999794427432, 1.6547035270946633e-08, 1.626580133878245e-08, 1.8396710505805065e-08, 1.6570232259055776e-08, 1.641339020681594e-08
NODE_0000102, 1.63979403593482e-08, 1.6535592473502398e-08, 1.7302245195685218e-08, 1.6452376297834497e-08, 5.445515202393886e-08, 0.9999997946674577, 1.6546104526704715e-08, 1.6265078833045282e-08, 1.8395896465559207e-08, 1.6569495728757392e-08, 1.6412660421665307e-08
NODE_0000103, 1.6353938137162112e-08, 1.6491241299660688e-08, 1.7255764850854042e-08, 1.640810465062343e-08, 5.4238877777494623e-08, 0.9999997952888349, 1.6501640570893906e-08, 1.6221400551240256e-08, 1.834667731929104e-08, 1.6524973449553458e-08, 1.6368546501690627e-08
GCA_000325485.1_ASM32548v1_genomic, 0.0, 0.0, 0.0, 0.0, 0.0, 1.0, 0.0, 0.0, 0.0, 0.0, 0.0
NODE_0000104, 1.6310173022348968e-08, 1.6447129005211145e-08, 1.7209535233474888e-08, 1.6364073117160592e-08, 5.402518938295274e-08, 0.9999997959054402, 1.6457417448216163e-08, 1.6177957799819642e-08, 1.829772264181737e-08, 1.64806913907132e-08, 1.632467066682858e-08
GCA_000325405.1_ASM32540v1_genomic, 0.0, 0.0, 0.0, 0.0, 0.0, 1.0, 0.0, 0.0, 0.0, 0.0, 0.0
GCA_000325445.1_ASM32544v1_genomic, 0.0, 0.0, 0.0, 0.0, 0.0, 1.0, 0.0, 0.0, 0.0, 0.0, 0.0
NODE_0000105, 1.6354055226269853e-08, 1.6491359265354604e-08, 1.72558886652685e-08, 1.640822285995707e-08, 5.4239713515839405e-08, 0.9999997952869205, 1.650175914019001e-08, 1.6221516860969236e-08, 1.8346807924354026e-08, 1.652509207472078e-08, 1.6368664072074247e-08
GCA_013421465.1_ASM1342146v1_genomic, 0.0, 0.0, 0.0, 0.0, 0.0, 1.0, 0.0, 0.0, 0.0, 0.0, 0.0
NODE_0000106, 1.6353820405103646e-08, 1.6491122686485685e-08, 1.7255640355877515e-08, 1.6407985786150746e-08, 5.4238031899039585e-08, 0.9999997952907652, 1.6501521345318836e-08, 1.6221283602410118e-08, 1.8346545998984103e-08, 1.6524854172201948e-08, 1.6368428284746704e-08
GCA_013421455.1_ASM1342145v1_genomic, 0.0, 0.0, 0.0, 0.0, 0.0, 1.0, 0.0, 0.0, 0.0, 0.0, 0.0
NODE_0000107, 1.631017270623081e-08, 1.644712868686269e-08, 1.7209534898857586e-08, 1.636407279657127e-08, 5.402518608212863e-08, 0.9999997959054464, 1.6457417127056428e-08, 1.617795748559068e-08, 1.829772229016277e-08, 1.6480691070049656e-08, 1.6324670348929316e-08
GCA_013421535.1_ASM1342153v1_genomic, 0.0, 0.0, 0.0, 0.0, 0.0, 1.0, 0.0, 0.0, 0.0, 0.0, 0.0
GCA_013421555.1_ASM1342155v1_genomic, 0.0, 0.0, 0.0, 0.0, 0.0, 1.0, 0.0, 0.0, 0.0, 0.0, 0.0
NODE_0000108, 1.6354058767821782e-08, 1.6491362832003365e-08, 1.7255892406989744e-08, 1.6408227260089047e-08, 5.42406283405946e-08, 0.9999997952859714, 1.6501763546061248e-08, 1.6221520377134915e-08, 1.8346811878282287e-08, 1.652509566025801e-08, 1.6368667625333653e-08
GCA_000475155.2_YP24H_v2_genomic, 0.0, 0.0, 0.0, 0.0, 0.0, 1.0, 0.0, 0.0, 0.0, 0.0, 0.0
NODE_0000109, 1.6354055543161826e-08, 1.6491359584482e-08, 1.7255889000706e-08, 1.6408223181311497e-08, 5.4239716801792954e-08, 0.9999997952869143, 1.6501759462115266e-08, 1.622151717596806e-08, 1.8346808276866662e-08, 1.652509239617046e-08, 1.636866439075312e-08
GCA_000181455.2_ASM18145v2_genomic, 0.0, 0.0, 0.0, 0.0, 0.0, 1.0, 0.0, 0.0, 0.0, 0.0, 0.0
NODE_0000110, 1.6397819711967983e-08, 1.653547092434058e-08, 1.730211762184601e-08, 1.6452253666635813e-08, 5.445339428428231e-08, 0.9999997946703284, 1.6545981529837398e-08, 1.6264958990523515e-08, 1.8395761888015473e-08, 1.6569373501079946e-08, 1.6412539281191766e-08
NODE_0000111, 1.6354054897744528e-08, 1.649135893451335e-08, 1.725588831754369e-08, 1.6408222523452275e-08, 5.423970664652782e-08, 0.9999997952869305, 1.650175880310272e-08, 1.6221516534422417e-08, 1.83468075588509e-08, 1.6525091741495782e-08, 1.6368663741726398e-08
GCA_001509855.1_ASM150985v1_genomic, 0.0, 0.0, 0.0, 0.0, 0.0, 1.0, 0.0, 0.0, 0.0, 0.0, 0.0
NODE_0000112, 1.6353820404200384e-08, 1.649112268557641e-08, 1.7255640354920626e-08, 1.6407985785216144e-08, 5.4238031872213866e-08, 0.9999997952907653, 1.6501521344383705e-08, 1.6221283601511763e-08, 1.8346545997981566e-08, 1.652485417128477e-08, 1.6368428283837222e-08
GCA_001509865.1_ASM150986v1_genomic, 0.0, 0.0, 0.0, 0.0, 0.0, 1.0, 0.0, 0.0, 0.0, 0.0, 0.0
NODE_0000113, 1.6310172706228305e-08, 1.644712868686017e-08, 1.720953489885493e-08, 1.636407279656865e-08, 5.4025186082024357e-08, 0.9999997959054465, 1.6457417127053804e-08, 1.6177957485588193e-08, 1.8297722290159994e-08, 1.6480691070047108e-08, 1.6324670348926785e-08
GCA_000255755.1_ASM25575v1_genomic, 0.0, 0.0, 0.0, 0.0, 0.0, 1.0, 0.0, 0.0, 0.0, 0.0, 0.0
GCA_000255895.1_ASM25589v1_genomic, 0.0, 0.0, 0.0, 0.0, 0.0, 1.0, 0.0, 0.0, 0.0, 0.0, 0.0
NODE_0000114, 1.6354054897744528e-08, 1.649135893451335e-08, 1.725588831754369e-08, 1.6408222523452275e-08, 5.423970664652782e-08, 0.9999997952869305, 1.650175880310272e-08, 1.6221516534422417e-08, 1.83468075588509e-08, 1.6525091741495782e-08, 1.6368663741726398e-08
GCA_000834335.1_ASM83433v1_genomic, 0.0, 0.0, 0.0, 0.0, 0.0, 1.0, 0.0, 0.0, 0.0, 0.0, 0.0
NODE_0000115, 1.6353820404200384e-08, 1.649112268557641e-08, 1.7255640354920626e-08, 1.6407985785216144e-08, 5.4238031872213866e-08, 0.9999997952907653, 1.6501521344383705e-08, 1.6221283601511763e-08, 1.8346545997981566e-08, 1.652485417128477e-08, 1.6368428283837222e-08
GCA_000705315.1_EDB10_058v1_genomic, 0.0, 0.0, 0.0, 0.0, 0.0, 1.0, 0.0, 0.0, 0.0, 0.0, 0.0
NODE_0000116, 1.6310172706228305e-08, 1.644712868686017e-08, 1.720953489885493e-08, 1.636407279656865e-08, 5.4025186082024357e-08, 0.9999997959054465, 1.6457417127053804e-08, 1.6177957485588193e-08, 1.8297722290159994e-08, 1.6480691070047108e-08, 1.6324670348926785e-08
GCA_000834775.1_ASM83477v1_genomic, 0.0, 0.0, 0.0, 0.0, 0.0, 1.0, 0.0, 0.0, 0.0, 0.0, 0.0
Reference, 0.0, 0.0, 0.0, 0.0, 0.0, 1.0, 0.0, 0.0, 0.0, 0.0, 0.0
NODE_0000117, 0.0026547740421173586, 1.4984862031362952e-05, 1.200003266218188e-05, 1.822730368265553e-05, 1.7940999728199677e-05, 1.2340192752469654e-05, 0.9932385277609783, 0.0010099591382743032, 0.0009993155239076824, 0.0010104846902452302, 0.001011445453620056
SAMEA5818806, 0.0, 0.0, 0.0, 0.0, 0.0, 0.0, 0.9999999999999999, 0.0, 0.0, 0.0, 0.0
NODE_0000118, 0.001991883884792507, 0.0006739656103318097, 0.0007028520851963823, 0.0008875788726476865, 0.0008741640375247339, 0.0007233656895203948, 0.4461248036463897, 0.1372718160837017, 0.13622670917943275, 0.1372135840972432, 0.13730927681321917
NODE_0000119, 0.001012509504015289, 0.0005605510776902484, 0.0005855838502185233, 0.0006863584938100734, 0.0006760396117687696, 0.0006029742844489098, 0.13463169686518042, 0.03879328276203411, 0.038480892381221446, 0.391889210969297, 0.39208090020031516
NODE_0000120, 5.422998092516614e-06, 4.045127737904762e-06, 4.230706971117978e-06, 4.5391761728472625e-06, 4.471282517796864e-06, 4.355867978684063e-06, 0.0003919388387324134, 0.00010406887099978462, 0.00010339595307652916, 0.0013074538514297547, 0.9980660773262906
GCA_009295945.1_ASM929594v1_genomic, 0.0, 0.0, 0.0, 0.0, 0.0, 0.0, 0.0, 0.0, 0.0, 0.0, 1.0
NODE_0000121, 3.61108419794661e-08, 3.2027573212013737e-08, 3.351632111661149e-08, 3.3692484422480834e-08, 3.319444965517264e-08, 3.4508509837562994e-08, 1.1666883442675884e-06, 2.982413755513891e-07, 2.9938018127726834e-07, 4.398248474197426e-06, 0.9999936343914445
GCA_000325225.1_ASM32522v1_genomic, 0.0, 0.0, 0.0, 0.0, 0.0, 0.0, 0.0, 0.0, 0.0, 0.0, 1.0
NODE_0000122, 1.3857700691806003e-08, 1.3919158905599083e-08, 1.4562980324845159e-08, 1.3842888719838732e-08, 1.3645273653087645e-08, 1.5008429780596367e-08, 2.78759270812392e-08, 1.822265984322533e-08, 2.0528658587529768e-08, 5.1930684217461325e-08, 0.9999997966056383
GCA_003074255.1_ASM307425v1_genomic, 0.0, 0.0, 0.0, 0.0, 0.0, 0.0, 0.0, 0.0, 0.0, 0.0, 1.0
GCA_003086015.1_ASM308601v1_genomic, 0.0, 0.0, 0.0, 0.0, 0.0, 0.0, 0.0, 0.0, 0.0, 0.0, 1.0
NODE_0000123, 5.4924898912159885e-06, 4.097125837948656e-06, 4.285138421140059e-06, 4.597585209272552e-06, 4.528789965876443e-06, 4.411687016876061e-06, 0.0003970658262566827, 0.00010540483268537755, 0.00010471464769475009, 0.9980392635437172, 0.001326138333303793
NODE_0000124, 3.682172325335189e-08, 3.265416831084814e-08, 3.4172419796602824e-08, 3.4355204154124015e-08, 3.384710362178034e-08, 3.518122800071666e-08, 1.1902677831825902e-06, 3.0426987560838494e-07, 3.0538097499953957e-07, 0.9999935015112277, 4.4915382915405936e-06
GCA_000323505.1_ASM32350v1_genomic, 0.0, 0.0, 0.0, 0.0, 0.0, 0.0, 0.0, 0.0, 0.0, 1.0, 0.0
GCA_000323765.1_ASM32376v1_genomic, 0.0, 0.0, 0.0, 0.0, 0.0, 0.0, 0.0, 0.0, 0.0, 1.0, 0.0
NODE_0000125, 3.691329934300669e-08, 3.2735229691794266e-08, 3.425738072463387e-08, 3.4440687231558585e-08, 3.393126809106881e-08, 3.52684920445323e-08, 1.1938071006528824e-06, 3.0508740969953e-07, 3.0619867975994293e-07, 0.9999934805115536, 4.506848899150719e-06
GCA_013391965.1_ASM1339196v1_genomic, 0.0, 0.0, 0.0, 0.0, 0.0, 0.0, 0.0, 0.0, 0.0, 1.0, 0.0
NODE_0000126, 1.4173660225598847e-08, 1.4235999741551594e-08, 1.4894790070105653e-08, 1.4159138127194281e-08, 1.3956831194773194e-08, 1.5348671839360776e-08, 2.856347485628557e-08, 1.864933910250148e-08, 2.1003213241281432e-08, 0.9999997920006155, 5.3014266169577716e-08
GCA_013391945.1_ASM1339194v1_genomic, 0.0, 0.0, 0.0, 0.0, 0.0, 0.0, 0.0, 0.0, 0.0, 1.0, 0.0
NODE_0000127, 1.408819070590166e-08, 1.4163352986011429e-08, 1.481870542433059e-08, 1.4080480576376349e-08, 1.3879380301396485e-08, 1.5270456035344763e-08, 2.5129222297788102e-08, 1.7863170751474436e-08, 2.0218034177528038e-08, 0.9999998124813239, 3.800768280184157e-08
GCA_000325285.1_ASM32528v1_genomic, 0.0, 0.0, 0.0, 0.0, 0.0, 0.0, 0.0, 0.0, 0.0, 0.9999999999999999, 0.0
NODE_0000128, 1.4052955607671597e-08, 1.412803798606734e-08, 1.4781699770893865e-08, 1.404526841491717e-08, 1.3844693511949396e-08, 1.5232411407185833e-08, 2.5044620946992756e-08, 1.781314041493018e-08, 2.0161874563873567e-08, 0.9999998130671084, 3.782818890339908e-08
GCA_000325205.1_ASM32520v1_genomic, 0.0, 0.0, 0.0, 0.0, 0.0, 0.0, 0.0, 0.0, 0.0, 1.0, 0.0
GCA_000325305.1_ASM32530v1_genomic, 0.0, 0.0, 0.0, 0.0, 0.0, 0.0, 0.0, 0.0, 0.0, 1.0, 0.0
NODE_0000129, 0.0010152209708231275, 0.0005622657849473586, 0.0005873729031193162, 0.0006884699649085326, 0.0006781106673017806, 0.0006046276002288528, 0.13488032483105938, 0.39266621439668326, 0.39051915811196464, 0.03888393658205533, 0.0389142981869086
NODE_0000130, 5.404738483540504e-06, 4.029909445518556e-06, 4.214530531666226e-06, 4.523474893961983e-06, 4.45584256647083e-06, 4.337917526756694e-06, 0.00039111113061462293, 0.9980804857026406, 0.0012933858032777013, 0.00010398912374339831, 0.00010406182627581759
NODE_0000131, 3.573989793590793e-08, 3.1682305963718115e-08, 3.315137593030598e-08, 3.333957357682851e-08, 3.284759098997715e-08, 3.412575592493927e-08, 1.1594390351113587e-06, 0.9999937217937211, 4.323386596621612e-06, 2.972517892671397e-07, 2.972423572973854e-07
NODE_0000132, 1.3654041621561804e-08, 1.3714382290634835e-08, 1.4346680777309402e-08, 1.3639127123301788e-08, 1.3445037300507743e-08, 1.4784673018157862e-08, 2.7476577727645535e-08, 0.9999997975001904, 5.505001152746875e-08, 1.827779169299718e-08, 1.811148649784712e-08
GCA_000320445.1_ASM32044v1_genomic, 0.0, 0.0, 0.0, 0.0, 0.0, 0.0, 0.0, 0.9999999999999999, 0.0, 0.0, 0.0
GCA_000324905.1_ASM32490v1_genomic, 0.0, 0.0, 0.0, 0.0, 0.0, 0.0, 0.0, 0.9999999999999999, 0.0, 0.0, 0.0
NODE_0000133, 1.3687498897171913e-08, 1.3747922125317343e-08, 1.438181918674926e-08, 1.3672561674258793e-08, 1.3477975382151921e-08, 1.4820799872252918e-08, 2.7557130856412208e-08, 0.9999997969344132, 5.523415300015211e-08, 1.8326229087420654e-08, 1.815949679396026e-08
GCA_015158675.1_ASM1515867v1_genomic, 0.0, 0.0, 0.0, 0.0, 0.0, 0.0, 0.0, 1.0, 0.0, 0.0, 0.0
NODE_0000134, 1.360618094851079e-08, 1.3678849573465996e-08, 1.4309486588314496e-08, 1.3597742458276273e-08, 1.340430189336088e-08, 1.4746459612307416e-08, 2.427747549593887e-08, 0.9999998162485745, 4.1152273346049435e-08, 1.7572831517273697e-08, 1.7405824240944614e-08
GCA_000475135.2_YPS03_v2_genomic, 0.0, 0.0, 0.0, 0.0, 0.0, 0.0, 0.0, 1.0, 0.0, 0.0, 0.0
NODE_0000135, 1.3572719988097554e-08, 1.3645312076559908e-08, 1.4274350914490026e-08, 1.3564306225915868e-08, 1.3371362080660626e-08, 1.4710335168150026e-08, 2.4197203637549523e-08, 0.9999998168129537, 4.0969121541049975e-08, 1.7524457431802648e-08, 1.7357877240562657e-08
GCA_000182485.1_ASM18248v1_genomic, 0.0, 0.0, 0.0, 0.0, 0.0, 0.0, 0.0, 0.9999999999999999, 0.0, 0.0, 0.0
GCA_002005285.1_ASM200528v1_genomic, 0.0, 0.0, 0.0, 0.0, 0.0, 0.0, 0.0, 0.9999999999999999, 0.0, 0.0, 0.0
NODE_0000136, 3.565312904706728e-08, 3.160552876276903e-08, 3.307091989803989e-08, 3.325859513443313e-08, 3.276785721982032e-08, 3.404312658275585e-08, 1.156078025749345e-06, 0.9999937414844472, 4.309103667380386e-06, 2.9647216473823e-07, 2.9646253848488337e-07
GCA_000324505.1_ASM32450v1_genomic, 0.0, 0.0, 0.0, 0.0, 0.0, 0.0, 0.0, 1.0, 0.0, 0.0, 0.0
NODE_0000137, 1.3720739068297124e-08, 1.378127602331473e-08, 1.4416762750790851e-08, 1.3705795324783605e-08, 1.3510715689360169e-08, 1.4856726672844027e-08, 2.7628142069450494e-08, 0.9999997964300238, 5.5371640570181405e-08, 1.8372669276195536e-08, 1.8205508783876996e-08
NODE_0000138, 1.3606262470770047e-08, 1.3678931194414958e-08, 1.4309572221497481e-08, 1.3597823987821131e-08, 1.3404382163914175e-08, 1.4746547457904742e-08, 2.4277682776028014e-08, 0.9999998162471667, 4.115273074332241e-08, 1.7572954360769394e-08, 1.740594598538005e-08
GCA_000323905.1_ASM32390v1_genomic, 0.0, 0.0, 0.0, 0.0, 0.0, 0.0, 0.0, 1.0, 0.0, 0.0, 0.0
NODE_0000139, 1.3572720188357614e-08, 1.3645312276564512e-08, 1.4274351124611226e-08, 1.3564306426222785e-08, 1.337136227775975e-08, 1.4710335383239815e-08, 2.419720424006229e-08, 0.9999998168129497, 4.096912305436604e-08, 1.7524457756249566e-08, 1.7357877562192658e-08
GCA_000323925.1_ASM32392v1_genomic, 0.0, 0.0, 0.0, 0.0, 0.0, 0.0, 0.0, 1.0, 0.0, 0.0, 0.0
GCA_000324245.1_ASM32424v1_genomic, 0.0, 0.0, 0.0, 0.0, 0.0, 0.0, 0.0, 1.0, 0.0, 0.0, 0.0
NODE_0000140, 1.3606343838049211e-08, 1.3679012658389383e-08, 1.4309657689389669e-08, 1.3597905361392164e-08, 1.3404462281139242e-08, 1.4746635134890191e-08, 2.4277889400943524e-08, 0.9999998162457631, 4.1153186066407976e-08, 1.757307690988761e-08, 1.7406067437769175e-08
GCA_000323585.1_ASM32358v1_genomic, 0.0, 0.0, 0.0, 0.0, 0.0, 0.0, 0.0, 0.9999999999999999, 0.0, 0.0, 0.0
NODE_0000141, 1.3605897629865609e-08, 1.3678602449489842e-08, 1.4309227668601512e-08, 1.3597476949453177e-08, 1.3404040497838132e-08, 1.474619368775859e-08, 2.426796199709872e-08, 0.9999998163102161, 4.110582714947228e-08, 1.757078170572372e-08, 1.740377421318554e-08
GCA_001601285.1_ASM160128v1_genomic, 0.0, 0.0, 0.0, 0.0, 0.0, 0.0, 0.0, 1.0, 0.0, 0.0, 0.0
NODE_0000142, 1.3572719031874576e-08, 1.3645311226565702e-08, 1.4274350023532347e-08, 1.356430531865702e-08, 1.3371361187598568e-08, 1.4710334253641078e-08, 2.4197176076958004e-08, 0.9999998168131505, 4.096896887092002e-08, 1.7524451818462146e-08, 1.7357871628484624e-08
GCA_000834275.1_ASM83427v1_genomic, 0.0, 0.0, 0.0, 0.0, 0.0, 0.0, 0.0, 1.0, 0.0, 0.0, 0.0
GCA_000834885.1_ASM83488v1_genomic, 0.0, 0.0, 0.0, 0.0, 0.0, 0.0, 0.0, 1.0, 0.0, 0.0, 0.0
NODE_0000143, 6.170189277601332e-06, 4.602849934162079e-06, 4.814295715581635e-06, 5.167363973703864e-06, 5.089754912331546e-06, 4.9522972885347915e-06, 0.00044542359013821734, 0.0014860493305054842, 0.9978006582071136, 0.00011849027406916326, 0.00011858184707164862
NODE_0000144, 4.631211697810093e-08, 4.104914987755197e-08, 4.296179370385163e-08, 4.322613818926644e-08, 4.2582895568752344e-08, 4.417627761496516e-08, 1.4987431822025972e-06, 5.6477698576878735e-06, 0.999991823686171, 3.8472364499847837e-07, 3.847687720005179e-07
GCA_003074275.1_ASM307427v1_genomic, 0.0, 0.0, 0.0, 0.0, 0.0, 0.0, 0.0, 0.0, 1.0, 0.0, 0.0
NODE_0000145, 1.7688181980172584e-08, 1.775943922188563e-08, 1.858341703616955e-08, 1.7679486020073773e-08, 1.7425043949270535e-08, 1.9123918061046416e-08, 3.608140418583544e-08, 6.7851641721276e-08, 0.9999997404592145, 2.3779072209889755e-08, 2.3569181173343604e-08
GCA_006376575.1_ASM637657v1_genomic, 0.0, 0.0, 0.0, 0.0, 0.0, 0.0, 0.0, 0.0, 1.0, 0.0, 0.0
GCA_008630435.1_ASM863043v1_genomic, 0.0, 0.0, 0.0, 0.0, 0.0, 0.0, 0.0, 0.0, 1.0, 0.0, 0.0
NODE_0000146, 4.6441791559427386e-08, 4.1163866674508497e-08, 4.3082046007485677e-08, 4.334725416105896e-08, 4.270212759759309e-08, 4.429958521549339e-08, 1.503763224983258e-06, 5.669462263735157e-06, 0.9999917939154732, 3.858883452073256e-07, 3.8593402174987397e-07
NODE_0000147, 1.7787412283174084e-08, 1.78588136220204e-08, 1.8687566308652965e-08, 1.7778702140867833e-08, 1.7522765286465688e-08, 1.9230799254743714e-08, 3.6338833000063324e-08, 6.84523191207413e-08, 0.999999738701496, 2.3926199704671196e-08, 2.3715093224879294e-08
NODE_0000148, 1.7568567875293147e-08, 1.765784538660872e-08, 1.8477007415021517e-08, 1.7569370588367265e-08, 1.7316627788367593e-08, 1.9014667745445065e-08, 3.127356549356757e-08, 4.690688186686185e-08, 0.9999997690812594, 2.2672367754396716e-08, 2.2461838548060434e-08
GCA_000325005.1_ASM32500v1_genomic, 0.0, 0.0, 0.0, 0.0, 0.0, 0.0, 0.0, 0.0, 1.0, 0.0, 0.0
GCA_000325105.1_ASM32510v1_genomic, 0.0, 0.0, 0.0, 0.0, 0.0, 0.0, 0.0, 0.0, 1.0, 0.0, 0.0
NODE_0000149, 1.761759498429347e-08, 1.7707021790169224e-08, 1.8528546287582986e-08, 1.76184304630861e-08, 1.7364949006317043e-08, 1.906755957396013e-08, 3.1377965222111173e-08, 4.708636142012019e-08, 0.9999997683611285, 2.2740791662038193e-08, 2.2529651123367717e-08
GCA_000324945.1_ASM32494v1_genomic, 0.0, 0.0, 0.0, 0.0, 0.0, 0.0, 0.0, 0.0, 0.9999999999999999, 0.0, 0.0
NODE_0000150, 1.7616976985396693e-08, 1.7706464896258038e-08, 1.8527962446123502e-08, 1.761784211707003e-08, 1.7364369867500414e-08, 1.9066960991353553e-08, 3.136157705496632e-08, 4.70058559484017e-08, 0.9999997684688864, 2.27371216546189e-08, 2.252598159153043e-08
GCA_000324485.1_ASM32448v1_genomic, 0.0, 0.0, 0.0, 0.0, 0.0, 0.0, 0.0, 0.0, 0.9999999999999999, 0.0, 0.0
NODE_0000151, 1.761697512573835e-08, 1.770646324179145e-08, 1.8527960711451026e-08, 1.7617840350666377e-08, 1.736436812901415e-08, 1.9066959213219413e-08, 3.1361523977821515e-08, 4.700555522152667e-08, 0.9999997684692724, 2.2737110810997137e-08, 2.252597074690358e-08
GCA_000324005.1_ASM32400v1_genomic, 0.0, 0.0, 0.0, 0.0, 0.0, 0.0, 0.0, 0.0, 0.9999999999999999, 0.0, 0.0
NODE_0000152, 1.7617111202399198e-08, 1.7706599425275376e-08, 1.8528103652179267e-08, 1.7617976585165427e-08, 1.7364502224463142e-08, 1.906710551802189e-08, 3.1361868052507815e-08, 4.700622988202438e-08, 0.9999997684670143, 2.273731549560656e-08, 2.252617367150594e-08
GCA_000325065.1_ASM32506v1_genomic, 0.0, 0.0, 0.0, 0.0, 0.0, 0.0, 0.0, 0.0, 1.0, 0.0, 0.0
NODE_0000153, 1.7665862850821047e-08, 1.77555003660409e-08, 1.8579353399842307e-08, 1.7666760781516754e-08, 1.7412552091552004e-08, 1.9119701407659725e-08, 3.146552192865623e-08, 4.718404523378059e-08, 0.9999997677518176, 2.2805316943023948e-08, 2.2593567322529243e-08
NODE_0000154, 1.7568085435113744e-08, 1.7657424190664675e-08, 1.8476566006596227e-08, 1.7568917969971144e-08, 1.731618224550416e-08, 1.9014214944666894e-08, 3.125752170420182e-08, 4.682705461299771e-08, 0.9999997691867593, 2.2668902015099912e-08, 2.2458371530874585e-08
GCA_000325045.1_ASM32504v1_genomic, 0.0, 0.0, 0.0, 0.0, 0.0, 0.0, 0.0, 0.0, 1.0, 0.0, 0.0
GCA_000325325.1_ASM32532v1_genomic, 0.0, 0.0, 0.0, 0.0, 0.0, 0.0, 0.0, 0.0, 1.0, 0.0, 0.0
NODE_0000155, 1.7568085435113744e-08, 1.7657424190664675e-08, 1.8476566006596227e-08, 1.7568917969971144e-08, 1.731618224550416e-08, 1.9014214944666894e-08, 3.125752170420182e-08, 4.682705461299771e-08, 0.9999997691867593, 2.2668902015099912e-08, 2.2458371530874585e-08
GCA_013392085.1_ASM1339208v1_genomic, 0.0, 0.0, 0.0, 0.0, 0.0, 0.0, 0.0, 0.0, 1.0, 0.0, 0.0
GCA_014734395.1_ASM1473439v1_genomic, 0.0, 0.0, 0.0, 0.0, 0.0, 0.0, 0.0, 0.0, 1.0, 0.0, 0.0
NODE_0000156, 1.773805193382378e-08, 1.7809354798491638e-08, 1.8635731153035053e-08, 1.7729335320724142e-08, 1.7474142068895483e-08, 1.917760409190436e-08, 3.621838261520135e-08, 6.81926943544621e-08, 0.9999997395263297, 2.3854436067533966e-08, 2.3643937804872894e-08
GCA_000324985.1_ASM32498v1_genomic, 0.0, 0.0, 0.0, 0.0, 0.0, 0.0, 0.0, 0.0, 0.9999999999999999, 0.0, 0.0
NODE_0000157, 1.7617594300044943e-08, 1.7707021281839507e-08, 1.8528545756259395e-08, 1.7618429864361432e-08, 1.7364948416816212e-08, 1.906755902672252e-08, 3.13779144501191e-08, 4.708606474606968e-08, 0.9999997683614977, 2.2740782440389544e-08, 2.2529641885129027e-08
GCA_016102545.1_ASM1610254v1_genomic, 0.0, 0.0, 0.0, 0.0, 0.0, 0.0, 0.0, 0.0, 1.0, 0.0, 0.0
NODE_0000158, 1.7666277576800148e-08, 1.7755915196709836e-08, 1.8579788819106685e-08, 1.7667175893742412e-08, 1.7412960682870288e-08, 1.9120147064164895e-08, 3.1466621781054714e-08, 4.71864056219181e-08, 0.9999997677445635, 2.2805949445352364e-08, 2.2594194484126524e-08
NODE_0000159, 1.7617112366328443e-08, 1.7706600586424053e-08, 1.852810487270896e-08, 1.7617977750538704e-08, 1.7364503370806097e-08, 1.90671067640854e-08, 3.1361871699622316e-08, 4.700623882076558e-08, 0.9999997684669908, 2.273731740308892e-08, 2.2526175563501872e-08
GCA_003086095.1_ASM308609v1_genomic, 0.0, 0.0, 0.0, 0.0, 0.0, 0.0, 0.0, 0.0, 1.0, 0.0, 0.0
NODE_0000160, 1.7616975119797035e-08, 1.770646323653035e-08, 1.8527960705936786e-08, 1.7617840345020056e-08, 1.7364368123456773e-08, 1.906695920756362e-08, 3.136152380581881e-08, 4.700555409883497e-08, 0.999999768469274, 2.273711077863417e-08, 2.25259707145343e-08
GCA_003074295.1_ASM307429v1_genomic, 0.0, 0.0, 0.0, 0.0, 0.0, 0.0, 0.0, 0.0, 1.0, 0.0, 0.0
NODE_0000161, 1.761697435282147e-08, 1.7706462470934806e-08, 1.8527959901185764e-08, 1.7617839576895093e-08, 1.7364367367874165e-08, 1.906695838598084e-08, 3.136152150637247e-08, 4.700554892985375e-08, 0.9999997684692885, 2.2737109537215078e-08, 2.2525969483374174e-08
GCA_004023595.1_ASM402359v1_genomic, 0.0, 0.0, 0.0, 0.0, 0.0, 0.0, 0.0, 0.0, 0.9999999999999999, 0.0, 0.0
NODE_0000162, 1.7616837882362294e-08, 1.770632589512874e-08, 1.8527816548104326e-08, 1.761770294835721e-08, 1.7364232884811924e-08, 1.906681166014411e-08, 3.136117610081513e-08, 4.7004870542365554e-08, 0.9999997684715554, 2.273690419361413e-08, 2.252576590495676e-08
GCA_002412305.1_Y.pestis_A-1809_genomic, 0.0, 0.0, 0.0, 0.0, 0.0, 0.0, 0.0, 0.0, 0.9999999999999999, 0.0, 0.0
NODE_0000163, 1.7567948964247807e-08, 1.765728761456453e-08, 1.847642265323541e-08, 1.756878134108615e-08, 1.7316047762090193e-08, 1.9014068218493154e-08, 3.125717630406328e-08, 4.6826376241157426e-08, 0.9999997691890263, 2.2668696672786364e-08, 2.245816795374101e-08
GCA_003086075.1_ASM308607v1_genomic, 0.0, 0.0, 0.0, 0.0, 0.0, 0.0, 0.0, 0.0, 1.0, 0.0, 0.0
GCA_003086115.1_ASM308611v1_genomic, 0.0, 0.0, 0.0, 0.0, 0.0, 0.0, 0.0, 0.0, 1.0, 0.0, 0.0
NODE_0000164, 1.766655018725647e-08, 1.7756188220868434e-08, 1.8580075395851907e-08, 1.7667448916201353e-08, 1.7413229417236428e-08, 1.9120440376285255e-08, 3.1467264131164175e-08, 4.7187472052152986e-08, 0.9999997677403865, 2.2806351773265657e-08, 2.2594593260169532e-08
NODE_0000165, 1.7666276097509486e-08, 1.7755913922652448e-08, 1.8579787484335017e-08, 1.7667174508614335e-08, 1.7412959319424537e-08, 1.9120145694235455e-08, 3.1466569693544275e-08, 4.7186106378034805e-08, 0.9999997677449435, 2.280593919573513e-08, 2.2594184228324116e-08
NODE_0000166, 1.756808658988418e-08, 1.765742534334723e-08, 1.847656721823743e-08, 1.756891912647383e-08, 1.731618338312032e-08, 1.9014216181639267e-08, 3.125752516778104e-08, 4.682706239932206e-08, 0.9999997691867373, 2.266890388458916e-08, 2.2458373384915698e-08
GCA_016102645.1_ASM1610264v1_genomic, 0.0, 0.0, 0.0, 0.0, 0.0, 0.0, 0.0, 0.0, 1.0, 0.0, 0.0
GCA_016102665.1_ASM1610266v1_genomic, 0.0, 0.0, 0.0, 0.0, 0.0, 0.0, 0.0, 0.0, 1.0, 0.0, 0.0
NODE_0000167, 1.7666275709697754e-08, 1.7755913535550453e-08, 1.8579787077428595e-08, 1.7667174120220363e-08, 1.7412958937375167e-08, 1.9120145278830152e-08, 3.146656852820197e-08, 4.7186103751972504e-08, 0.9999997677449508, 2.2805938567461953e-08, 2.2594183605240003e-08
NODE_0000168, 1.756808658879533e-08, 1.7657425342263485e-08, 1.8476567217096687e-08, 1.7568919125383154e-08, 1.731618338204811e-08, 1.901421618047749e-08, 3.125752516393236e-08, 4.682706238941831e-08, 0.9999997691867375, 2.2668903882698912e-08, 2.245837338304046e-08
GCA_009909635.1_ASM990963v1_genomic, 0.0, 0.0, 0.0, 0.0, 0.0, 0.0, 0.0, 0.0, 1.0, 0.0, 0.0
GCA_016102555.1_ASM1610255v1_genomic, 0.0, 0.0, 0.0, 0.0, 0.0, 0.0, 0.0, 0.0, 1.0, 0.0, 0.0
NODE_0000169, 1.7666411788631206e-08, 1.7756049720755035e-08, 1.8579930019974747e-08, 1.7667310356751393e-08, 1.741309303481784e-08, 1.9120291585471263e-08, 3.146691276880707e-08, 4.718677952123986e-08, 0.9999997677426915, 2.280614328006609e-08, 2.259438655788471e-08
NODE_0000170, 1.7616975887717253e-08, 1.770646400315822e-08, 1.8527961511798893e-08, 1.761784111414076e-08, 1.7364368880010267e-08, 1.9066960030235958e-08, 3.13615261137144e-08, 4.7005559286294786e-08, 0.9999997684692592, 2.2737112023211978e-08, 2.2525971948832418e-08
GCA_006376435.1_ASM637643v1_genomic, 0.0, 0.0, 0.0, 0.0, 0.0, 0.0, 0.0, 0.0, 1.0, 0.0, 0.0
NODE_0000171, 1.7567949349891006e-08, 1.765728799950799e-08, 1.8476423057869266e-08, 1.756878172730773e-08, 1.731604814200411e-08, 1.9014068631584862e-08, 3.125717746109311e-08, 4.682637884299512e-08, 0.9999997691890189, 2.2668697297188986e-08, 2.2458168572984363e-08
GCA_006376415.1_ASM637641v1_genomic, 0.0, 0.0, 0.0, 0.0, 0.0, 0.0, 0.0, 0.0, 1.0, 0.0, 0.0
GCA_015159615.1_ASM1515961v1_genomic, 0.0, 0.0, 0.0, 0.0, 0.0, 0.0, 0.0, 0.0, 1.0, 0.0, 0.0
NODE_0000172, 1.7666137703748796e-08, 1.7755775426728503e-08, 1.8579642112844674e-08, 1.7667035953732453e-08, 1.7412822941503082e-08, 1.911999690792812e-08, 3.146621850005151e-08, 4.7185414964693316e-08, 0.9999997677472471, 2.280573073313802e-08, 2.259397755666303e-08
NODE_0000173, 1.7568086203150112e-08, 1.765742495731752e-08, 1.8476566812460045e-08, 1.7568918739159285e-08, 1.7316183002131988e-08, 1.9014215767383206e-08, 3.125752400685246e-08, 4.6827059787417745e-08, 0.9999997691867447, 2.266890325828198e-08, 2.245837276378286e-08
GCA_000182705.1_ASM18270v1_genomic, 0.0, 0.0, 0.0, 0.0, 0.0, 0.0, 0.0, 0.0, 1.0, 0.0, 0.0
GCA_000970105.1_ASM97010v1_genomic, 0.0, 0.0, 0.0, 0.0, 0.0, 0.0, 0.0, 0.0, 1.0, 0.0, 0.0
NODE_0000174, 1.7616975119711835e-08, 1.770646323653437e-08, 1.8527960705965135e-08, 1.7617840344982667e-08, 1.7364368123412142e-08, 1.9066959207551052e-08, 3.136152381105774e-08, 4.700555411181434e-08, 0.9999997684692737, 2.2737110780052036e-08, 2.252597071594598e-08
GCA_003074335.1_ASM307433v1_genomic, 0.0, 0.0, 0.0, 0.0, 0.0, 0.0, 0.0, 0.0, 1.0, 0.0, 0.0
NODE_0000175, 1.7567949347734857e-08, 1.765728799736187e-08, 1.8476423055610312e-08, 1.7568781725147976e-08, 1.7316048139880897e-08, 1.9014068629284198e-08, 3.1257177453488285e-08, 4.682637882347995e-08, 0.999999769189019, 2.2668697293448872e-08, 2.2458168569273965e-08
GCA_003074355.1_ASM307435v1_genomic, 0.0, 0.0, 0.0, 0.0, 0.0, 0.0, 0.0, 0.0, 1.0, 0.0, 0.0
GCA_003074375.1_ASM307437v1_genomic, 0.0, 0.0, 0.0, 0.0, 0.0, 0.0, 0.0, 0.0, 1.0, 0.0, 0.0
NODE_0000176, 1.766627532739643e-08, 1.7755913153843205e-08, 1.8579786676176687e-08, 1.766717373729763e-08, 1.741295856071226e-08, 1.9120144869224785e-08, 3.146656737734161e-08, 4.718610116641545e-08, 0.9999997677449582, 2.2805937947268473e-08, 2.2594182990167273e-08
NODE_0000177, 1.761697550535082e-08, 1.7706463621474795e-08, 1.852796111059613e-08, 1.761784073120067e-08, 1.7364368503322433e-08, 1.9066959620639273e-08, 3.1361524968161405e-08, 4.700555671390758e-08, 0.9999997684692665, 2.2737111404470603e-08, 2.2525971335205235e-08
GCA_001617785.1_Yersinia_pestis_M-549_genomic, 0.0, 0.0, 0.0, 0.0, 0.0, 0.0, 0.0, 0.0, 1.0, 0.0, 0.0
NODE_0000178, 1.7567949348817554e-08, 1.7657287998439514e-08, 1.8476423056744622e-08, 1.7568781726232486e-08, 1.7316048140947053e-08, 1.9014068630439442e-08, 3.1257177457309766e-08, 4.682637883329349e-08, 0.999999769189019, 2.2668697295327495e-08, 2.2458168571137656e-08
GCA_001188815.1_ASM118881v1_genomic, 0.0, 0.0, 0.0, 0.0, 0.0, 0.0, 0.0, 0.0, 0.9999999999999999, 0.0, 0.0
GCA_001617805.1_Yersinia_pestis_173_genomic, 0.0, 0.0, 0.0, 0.0, 0.0, 0.0, 0.0, 0.0, 0.9999999999999999, 0.0, 0.0
NODE_0000179, 1.761711235927099e-08, 1.770660058005414e-08, 1.8528104866027624e-08, 1.7617977743775246e-08, 1.7364503364150552e-08, 1.9067106757240896e-08, 3.13618715231718e-08, 4.7006237683830904e-08, 0.9999997684669922, 2.273731736872206e-08, 2.2526175529143853e-08
GCA_009296005.1_ASM929600v1_genomic, 0.0, 0.0, 0.0, 0.0, 0.0, 0.0, 0.0, 0.0, 0.9999999999999999, 0.0, 0.0
NODE_0000180, 1.7616975506483867e-08, 1.7706463622515683e-08, 1.852796111166762e-08, 1.7617840732288492e-08, 1.736436850439974e-08, 1.906695962177196e-08, 3.1361524966099866e-08, 4.700555670627182e-08, 0.9999997684692665, 2.2737111404799983e-08, 2.2525971335526125e-08
GCA_010974845.1_ASM1097484v1_genomic, 0.0, 0.0, 0.0, 0.0, 0.0, 0.0, 0.0, 0.0, 1.0, 0.0, 0.0
NODE_0000181, 1.7617112358179076e-08, 1.7706600578967334e-08, 1.852810486488369e-08, 1.7617977742681534e-08, 1.7364503363075317e-08, 1.9067106756075848e-08, 3.1361871519310085e-08, 4.7006237673888584e-08, 0.9999997684669922, 2.273731736682602e-08, 2.2526175527262874e-08
GCA_015350455.1_ASM1535045v1_genomic, 0.0, 0.0, 0.0, 0.0, 0.0, 0.0, 0.0, 0.0, 1.0, 0.0, 0.0
NODE_0000182, 1.7666274939563136e-08, 1.7755912766719737e-08, 1.8579786269247617e-08, 1.766717334888197e-08, 1.7412958178641603e-08, 1.9120144453796553e-08, 3.146656621190808e-08, 4.7186098540074634e-08, 0.9999997677449657, 2.2805937318954977e-08, 2.2594182367043082e-08
NODE_0000183, 1.761697550425889e-08, 1.7706463620387983e-08, 1.8527961109452155e-08, 1.7617840730106912e-08, 1.7364368502247184e-08, 1.906695961947422e-08, 3.136152496429966e-08, 4.700555670396518e-08, 0.9999997684692666, 2.273711140257455e-08, 2.2525971333324253e-08
GCA_016102945.1_ASM1610294v1_genomic, 0.0, 0.0, 0.0, 0.0, 0.0, 0.0, 0.0, 0.0, 1.0, 0.0, 0.0
NODE_0000184, 1.756794934881447e-08, 1.7657287998436453e-08, 1.84764230567414e-08, 1.7568781726229393e-08, 1.7316048140944022e-08, 1.9014068630436163e-08, 3.1257177457297015e-08, 4.6826378833256036e-08, 0.999999769189019, 2.2668697295321775e-08, 2.2458168571131995e-08
GCA_001617815.1_Yersinia_pestis_M-1453_genomic, 0.0, 0.0, 0.0, 0.0, 0.0, 0.0, 0.0, 0.0, 0.9999999999999999, 0.0, 0.0
GCA_016102765.1_ASM1610276v1_genomic, 0.0, 0.0, 0.0, 0.0, 0.0, 0.0, 0.0, 0.0, 0.9999999999999999, 0.0, 0.0
NODE_0000185, 1.766641216991888e-08, 1.7756050101364588e-08, 1.8579930420047138e-08, 1.7667310738610816e-08, 1.7413093410443316e-08, 1.9120291993916754e-08, 3.1466913910543466e-08, 4.7186782083825836e-08, 0.9999997677426841, 2.280614389693403e-08, 2.2594387169653352e-08
NODE_0000186, 1.7617112358156577e-08, 1.7706600578945738e-08, 1.852810486486113e-08, 1.761797774265941e-08, 1.736450336305349e-08, 1.9067106756052588e-08, 3.13618715192777e-08, 4.700623767381833e-08, 0.9999997684669921, 2.27373173667995e-08, 2.2526175527236583e-08
GCA_009909645.1_ASM990964v1_genomic, 0.0, 0.0, 0.0, 0.0, 0.0, 0.0, 0.0, 0.0, 1.0, 0.0, 0.0
NODE_0000187, 1.76168382690756e-08, 1.7706326281138224e-08, 1.8527816953860484e-08, 1.7617703335651163e-08, 1.7364233265779997e-08, 1.9066812074378424e-08, 3.136117726168192e-08, 4.7004873154083584e-08, 0.9999997684715481, 2.2736904819889796e-08, 2.252576652605834e-08
GCA_016102855.1_ASM1610285v1_genomic, 0.0, 0.0, 0.0, 0.0, 0.0, 0.0, 0.0, 0.0, 1.0, 0.0, 0.0
NODE_0000188, 1.756794896533354e-08, 1.7657287615645185e-08, 1.847642265437289e-08, 1.7568781342173696e-08, 1.731604776315933e-08, 1.901406821965162e-08, 3.125717630789718e-08, 4.6826376251007215e-08, 0.9999997691890263, 2.2668696674670582e-08, 2.2458167955610258e-08
GCA_003085975.1_ASM308597v1_genomic, 0.0, 0.0, 0.0, 0.0, 0.0, 0.0, 0.0, 0.0, 1.0, 0.0, 0.0
GCA_003086155.1_ASM308615v1_genomic, 0.0, 0.0, 0.0, 0.0, 0.0, 0.0, 0.0, 0.0, 1.0, 0.0, 0.0
NODE_0000189, 1.766613770482517e-08, 1.7755775427799878e-08, 1.857964211397238e-08, 1.7667035954810627e-08, 1.7412822942563015e-08, 1.9119996909076645e-08, 3.146621850384735e-08, 4.7185414974431714e-08, 0.9999997677472472, 2.280573073500505e-08, 2.259397755851522e-08
NODE_0000190, 1.756808620315316e-08, 1.7657424957320535e-08, 1.8476566812463224e-08, 1.7568918739162326e-08, 1.7316183002134973e-08, 1.9014215767386436e-08, 3.1257524006864985e-08, 4.682705978745442e-08, 0.9999997691867446, 2.266890325828761e-08, 2.2458372763788446e-08
GCA_003086055.1_ASM308605v1_genomic, 0.0, 0.0, 0.0, 0.0, 0.0, 0.0, 0.0, 0.0, 1.0, 0.0, 0.0
GCA_016102675.1_ASM1610267v1_genomic, 0.0, 0.0, 0.0, 0.0, 0.0, 0.0, 0.0, 0.0, 1.0, 0.0, 0.0
NODE_0000191, 1.7616975119714882e-08, 1.7706463236537393e-08, 1.8527960705968328e-08, 1.761784034498572e-08, 1.7364368123415143e-08, 1.9066959207554295e-08, 3.1361523811070314e-08, 4.700555411185116e-08, 0.9999997684692737, 2.2737110780057677e-08, 2.252597071595158e-08
GCA_008630575.1_ASM863057v1_genomic, 0.0, 0.0, 0.0, 0.0, 0.0, 0.0, 0.0, 0.0, 1.0, 0.0, 0.0
NODE_0000192, 1.7567949347734864e-08, 1.7657287997361876e-08, 1.8476423055610322e-08, 1.7568781725147983e-08, 1.7316048139880907e-08, 1.9014068629284205e-08, 3.125717745348832e-08, 4.6826378823480084e-08, 0.999999769189019, 2.266869729344889e-08, 2.2458168569273988e-08
GCA_001617705.1_Yersinia_pestis_C-791_genomic, 0.0, 0.0, 0.0, 0.0, 0.0, 0.0, 0.0, 0.0, 1.0, 0.0, 0.0
GCA_016102905.1_ASM1610290v1_genomic, 0.0, 0.0, 0.0, 0.0, 0.0, 0.0, 0.0, 0.0, 1.0, 0.0, 0.0
