sample	strain	date	date_bp	country	province	country_lat	country_lon	province_lat	province_lon	biovar	branch_major	branch_minor	biosample_accession	biosample_comment	branch_number	continent	date_mean	date_bp_mean	date_err	lat	lon
Reference	CO92	1992	-29	United States of America	Colorado	39.7837304	-100.4458825	38.7251776	-105.607716	Orientalis	1.ORI	1.ORI1	SAMEA1705942	KEEP: Assembly Modern Reference	1	North America	1992.0	29.0	0.0	38.7251776	-105.607716
GCA_009909635.1_ASM990963v1_genomic	9_10	1923.0	-98	Russia	Rostov Oblast	64.6863136	97.7453061	47.6222451	40.7957942	Medievalis	2.MED	2.MED1	SAMN13632815	KEEP: Assembly Modern	2	Europe	1923.0	98.0	0.0	47.6222451	40.7957942
GCA_009669545.1_ASM966954v1_genomic	42126	2006.0	-15	China	Xinjiang	35.000074	104.999927	42.4804953	85.4633464	Antiqua	0.ANT	0.ANT1	SAMN07722925	KEEP: Assembly Modern	0	Asia	2006.0	15.0	0.0	42.4804953	85.4633464
GCA_009669805.1_ASM966980v1_genomic	42092	1980.0	-41	China	Xinjiang	35.000074	104.999927	42.4804953	85.4633464	Antiqua	0.ANT	0.ANT1	SAMN07722912	KEEP: Assembly Modern	0	Asia	1980.0	41.0	0.0	42.4804953	85.4633464
GCA_009296005.1_ASM929600v1_genomic	C-25	1953.0	-68	Russia	Chechnya	64.6863136	97.7453061	43.397614700000005	45.6985005	Medievalis	2.MED	2.MED1	SAMN12991209	KEEP: Assembly Modern	2	Europe	1953.0	68.0	0.0	43.397614700000005	45.6985005
GCA_009295945.1_ASM929594v1_genomic	I-3113	1984.0	-37	Russia	Tuva Republic	64.6863136	97.7453061	51.401714899999995	93.8582593	Antiqua	4.ANT	4.ANT1	SAMN12991206	KEEP: Assembly Modern	4	Europe	1984.0	37.0	0.0	51.401714899999995	93.8582593
GCA_008630455.1_ASM863045v1_genomic	C-826	2011.0	-10	Russia	Republic of Dagestan	64.6863136	97.7453061	43.0883099	47.149880179442285	Caucasica	0.PE	0.PE2	SAMN12721149	KEEP: Assembly Modern	0	Europe	2011.0	10.0	0.0	43.0883099	47.149880179442285
GCA_008630435.1_ASM863043v1_genomic	C-719	1996.0	-25	Russia	Karachay-Cherkessia	64.6863136	97.7453061	43.7368326	41.7267991	Medievalis	2.MED	2.MED0	SAMN12721146	KEEP: Assembly Modern Placement	2	Europe	1996.0	25.0	0.0	43.7368326	41.7267991
GCA_008630575.1_ASM863057v1_genomic	C-527	1984.0	-37	Azerbaijan	Qazakh District	40.3936294	47.787250799999995	41.17390635	45.25441108731086	Medievalis	2.MED	2.MED1	SAMN12714845	KEEP: Assembly Modern	2	Asia	1984.0	37.0	0.0	41.17390635	45.25441108731086
GCA_006546725.1_ASM654672v1_genomic	I-3196	1986.0	-35	Mongolia	Govi-Altai	46.825038799999994	103.8499736	45.3463139	95.9325806	Ulegeica	0.PE	0.PE5	SAMN12138635	KEEP: Assembly Modern	0	Asia	1986.0	35.0	0.0	45.3463139	95.9325806
GCA_006546665.1_ASM654666v1_genomic	I-3193	1987.0	-34	Mongolia	Khovd	46.825038799999994	103.8499736	48.0552065	91.26731219782693	Ulegeica	0.PE	0.PE5	SAMN12138633	KEEP: Assembly Modern	0	Asia	1987.0	34.0	0.0	48.0552065	91.26731219782693
GCA_006517425.1_ASM651742v1_genomic	I-3068	1982.0	-39	Mongolia	Övörkhangai	46.825038799999994	103.8499736	45.8297039	102.7237769	Ulegeica	0.PE	0.PE5	SAMN12131171	KEEP: Assembly Modern	0	Asia	1982.0	39.0	0.0	45.8297039	102.7237769
GCA_000834775.1_ASM83477v1_genomic	Dodson	1967.0	-54	United States of America	Arizona	39.7837304	-100.4458825	34.395342	-111.763275	Orientalis	1.ORI	1.ORI1	SAMN03161124	KEEP: Assembly Modern	1	North America	1967.0	54.0	0.0	34.395342	-111.763275
GCA_000834335.1_ASM83433v1_genomic	Shasta	1954.0	-67	United States of America	California	39.7837304	-100.4458825	36.7014631	-118.755997	Orientalis	1.ORI	1.ORI1	SAMN03120838	KEEP: Assembly Modern	1	North America	1954.0	67.0	0.0	36.7014631	-118.755997
GCA_000734805.1_ASM73480v1_genomic	231	1947.0	-74	Kyrgyzstan	Naryn Region	41.5089324	74.724091	41.3564711	75.45197267868438	Antiqua	0.ANT	0.ANT3	SAMN02777961	KEEP: Assembly Modern Kutyrev 2018 Keller 2019	0	Asia	1947.0	74.0	0.0	41.3564711	75.45197267868438
GCA_000834275.1_ASM83427v1_genomic	Harbin35	1940.0	-81	China	Heilongjiang	35.000074	104.999927	48.000004700000005	127.99999199999999	Antiqua	2.ANT	2.ANT3	SAMN02769655	KEEP: Assembly Modern	2	Asia	1940.0	81.0	0.0	48.000004700000005	127.99999199999999
GCA_000169615.1_ASM16961v1_genomic	UG05-0454	2004.0	-17	Uganda	?	1.5333553999999998	32.2166578	?	?	Antiqua	1.ANT	1.ANT1	SAMN02404404	KEEP: Assembly Modern Morelli 2010 Cui 2013 Keller 2019	1	Africa	2004.0	17.0	0.0	1.5333553999999998	32.2166578
GCA_000169635.1_ASM16963v1_genomic	MG05-1020	2005.0	-16	Madagascar	?	-18.9249604	46.441642200000004	?	?	Orientalis	1.ORI	1.ORI3	SAMN02404403	KEEP: Assembly Modern Morelli 2010 Cui 2013 Keller 2019 Placement	1	Africa	2005.0	16.0	0.0	-18.9249604	46.441642200000004
GCA_000169675.1_ASM16967v1_genomic	B42003004	2003.0	-18	China	Xinjiang	35.000074	104.999927	42.4804953	85.4633464	Antiqua	0.ANT	0.ANT2	SAMN02404401	KEEP: Assembly Modern Morelli 2010 Cui 2013 Keller 2019	0	Asia	2003.0	18.0	0.0	42.4804953	85.4633464
GCA_000168235.2_ASM16823v2_genomic	IP275	1995.0	-26	Madagascar	Province de Fianarantsoa	-18.9249604	46.441642200000004	-21.743247	46.6145685	Orientalis	1.ORI	1.ORI3	SAMN02404398	KEEP: Assembly Modern Morelli 2010 Cui 2013 Keller 2019	1	Africa	1995.0	26.0	0.0	-21.743247	46.6145685
GCA_000182525.1_ASM18252v1_genomic	PEXU2	1966.0	-55	Brazil	State of Mato Grosso	-10.333333300000001	-53.2	-12.2115009	-55.5716547	Orientalis	1.ORI	1.ORI1	SAMN02403943	KEEP: Assembly Modern	1	South America	1966.0	55.0	0.0	-12.2115009	-55.5716547
GCA_000182505.1_ASM18250v1_genomic	India195	[1898:1950]	[-123:-71]	India	Maharashtra	22.3511148	78.6677428	18.906835600000004	75.6741579	Orientalis	1.ORI	1.ORI1	SAMN02403942	KEEP: Assembly Modern Cui 2013 Keller 2019	1	Asia	1924.0	97.0	26.0	18.906835600000004	75.6741579
GCA_006376585.1_ASM637658v1_genomic	C-371	1978.0	-43	Russia	Republic of Dagestan	64.6863136	97.7453061	43.0883099	47.149880179442285	Caucasica	0.PE	0.PE2	SAMN12012142	KEEP: Assembly Modern	0	Europe	1978.0	43.0	0.0	43.0883099	47.149880179442285
GCA_006376575.1_ASM637657v1_genomic	C-284	1971.0	-50	Russia	Karachay-Cherkessia	64.6863136	97.7453061	43.7368326	41.7267991	Medievalis	2.MED	2.MED0	SAMN12012133	KEEP: Assembly Modern	2	Europe	1971.0	50.0	0.0	43.7368326	41.7267991
GCA_006376505.1_ASM637650v1_genomic	C-232	1968.0	-53	Azerbaijan	Shahbuz Rayon	40.3936294	47.787250799999995	39.43858165	45.60713327015354	Caucasica	0.PE	0.PE2	SAMN12011946	KEEP: Assembly Modern	0	Asia	1968.0	53.0	0.0	39.43858165	45.60713327015354
GCA_006376435.1_ASM637643v1_genomic	C-62	1959.0	-62	Azerbaijan	Shamkir District	40.3936294	47.787250799999995	40.86764505	46.01391106445903	Medievalis	2.MED	2.MED1	SAMN12011893	KEEP: Assembly Modern	2	Asia	1959.0	62.0	0.0	40.86764505	46.01391106445903
GCA_006376415.1_ASM637641v1_genomic	C-11	1950.0	-71	Russia	Stavropol Krai	64.6863136	97.7453061	44.863257700000005	43.4406913	Medievalis	2.MED	2.MED1	SAMN12011892	KEEP: Assembly Modern	2	Europe	1950.0	71.0	0.0	44.863257700000005	43.4406913
GCA_003086155.1_ASM308615v1_genomic	M-1448	1990.0	-31	Kazakhstan	West Kazakhstan Region	47.2286086	65.20931970000001	49.5568479	50.2227409	Medievalis	2.MED	2.MED1	SAMN05017638	KEEP: Assembly Modern Kutyrev 2018 Keller 2019	2	Asia	1990.0	31.0	0.0	49.5568479	50.2227409
GCA_001617705.1_Yersinia_pestis_C-791_genomic	C-791	2003.0	-18	Russia	Republic of Dagestan	64.6863136	97.7453061	43.0883099	47.149880179442285	Medievalis	2.MED	2.MED1	SAMN04376023	KEEP: Assembly Modern Kutyrev 2018 Keller 2019	2	Europe	2003.0	18.0	0.0	43.0883099	47.149880179442285
GCA_000986995.1_YPES001-SEQ-2-ASM-1_genomic	ZE94-2122	1994.0	-27	Zimbabwe	Midlands	-19.01688	29.353650159713393	-19.2785043	29.879085200000002	Orientalis	1.ORI	1.ORI1	SAMN02999506	KEEP: Assembly Modern	1	Africa	1994.0	27.0	0.0	-19.2785043	29.879085200000002
GCA_003797205.1_ASM379720v1_genomic	FDAARGOS_605	1969.0	-52	Bolivia	La Paz	-17.056869600000002	-64.9912286	-16.4955455	-68.1336229	Orientalis	1.ORI	1.ORI1	SAMN10228585	KEEP: Assembly Modern	1	South America	1969.0	52.0	0.0	-16.4955455	-68.1336229
GCA_003798085.1_ASM379808v1_genomic	FDAARGOS_604	1957.0	-64	Indonesia	Central Java	-2.4833826	117.89028529999999	-5.6259648	110.37164897312937	Orientalis	1.ORI	1.ORI1	SAMN10228584	KEEP: Assembly Modern	1	Asia	1957.0	64.0	0.0	-5.6259648	110.37164897312937
GCA_003798225.1_ASM379822v1_genomic	FDAARGOS_601	1954.0	-67	Democratic Republic of the Congo	?	-2.9814344	23.822263600000003	?	?	Antiqua	1.ANT	1.ANT1	SAMN10228581	KEEP: Assembly Modern	1	Africa	1954.0	67.0	0.0	-2.9814344	23.822263600000003
GCA_001487065.1_Yersinia_pestis_genomic	Algeria3	[2000:2016]	[-21:-5]	Algeria	MSila	28.000027199999998	2.9999825	35.1300205	4.200310671358427	Orientalis	1.ORI	1.ORI1	SAMEA3673143	KEEP: Assembly Modern Correct biovar (1.ORI) according to publication	1	Africa	2008.0	13.0	8.0	35.1300205	4.200310671358427
GCA_004023595.1_ASM402359v1_genomic	2514	2005.0	-16	China	Xinjiang	35.000074	104.999927	42.4804953	85.4633464	Medievalis	2.MED	2.MED1	SAMN06209181	KEEP: Assembly Modern	2	Asia	2005.0	16.0	0.0	42.4804953	85.4633464
GCA_001294915.1_ASM129491v1_genomic	C-346	1976.0	-45	Armenia	Shirak Province	40.7696272	44.6736646	40.918594	43.8403536	Caucasica	0.PE	0.PE2	SAMN03861512	KEEP: Assembly Modern Kislichkina 2015 Keller 2019	0	Asia	1976.0	45.0	0.0	40.918594	43.8403536
GCA_001295025.1_ASM129502v1_genomic	I-2239	1972.0	-49	Mongolia	Bayan-Ölgii	46.825038799999994	103.8499736	48.5470083	89.8549358	Ulegeica	0.PE	0.PE5	SAMN03861510	KEEP: Assembly Modern Kislichkina 2018b Keller 2019	0	Asia	1972.0	49.0	0.0	48.5470083	89.8549358
GCA_001294905.1_ASM129490v1_genomic	C-291	1971.0	-50	Azerbaijan	Goranboy District	40.3936294	47.787250799999995	40.6065534	46.70500981655712	Caucasica	0.PE	0.PE2	SAMN03861503	KEEP: Assembly Modern Kislichkina 2015 Keller 2019	0	Asia	1971.0	50.0	0.0	40.6065534	46.70500981655712
GCA_001295115.1_ASM129511v1_genomic	A-513	1961.0	-60	Russia	Altai Republic	64.6863136	97.7453061	50.7114101	86.8572186	Altaica	0.PE	0.PE4a	SAMN03861486	KEEP: Assembly Modern Kislichkina 2015 Keller 2019	0	Europe	1961.0	60.0	0.0	50.7114101	86.8572186
GCA_001294975.1_ASM129497v1_genomic	A-1804	1980.0	-41	Kyrgyzstan	Talas Region	41.5089324	74.724091	42.4451869	72.14310491939636	Talassica	0.PE	0.PE4t	SAMN03861481	KEEP: Assembly Modern Kislichkina 2015 Keller 2019 Placement	0	Asia	1980.0	41.0	0.0	42.4451869	72.14310491939636
GCA_001294885.1_ASM129488v1_genomic	5307-Gis	1979.0	-42	Tajikistan	Sughd Province	38.62817329999999	70.8156541	39.354860200000005	68.8268012	Hissarica	0.PE	0.PE4h	SAMN03839878	KEEP: Assembly Modern Kislichkina 2015 Keller 2019	0	Asia	1979.0	42.0	0.0	39.354860200000005	68.8268012
GCA_001294805.1_ASM129480v1_genomic	I-3134	1984.0	-37	Mongolia	Bayankhongor	46.825038799999994	103.8499736	46.18084675	100.67009765478292	Microtus	0.PE	0.PE4m	SAMN03839877	KEEP: Assembly Modern Kislichkina 2015 Keller 2019	0	Asia	1984.0	37.0	0.0	46.18084675	100.67009765478292
GCA_002981915.1_ASM298191v1_genomic	I-3190	1986.0	-35	Mongolia	Ömnögovi	46.825038799999994	103.8499736	43.282363000000004	104.11338640000001	Ulegeica	0.PE	0.PE5	SAMN08625966	KEEP: Assembly Modern Kislichkina 2018b Keller 2019	0	Asia	1986.0	35.0	0.0	43.282363000000004	104.11338640000001
GCA_003074535.1_ASM307453v1_genomic	5M	1952.0	-69	Kyrgyzstan	Issyk-Kul Region	41.5089324	74.724091	42.06103415	78.17073232346421	Antiqua	0.ANT	0.ANT5	SAMN08866745	KEEP: Assembly Modern Kutyrev 2018 Keller 2019 Placement	0	Asia	1952.0	69.0	0.0	42.06103415	78.17073232346421
GCA_003074335.1_ASM307433v1_genomic	44	1966.0	-55	Azerbaijan	Goranboy District	40.3936294	47.787250799999995	40.6065534	46.70500981655712	Medievalis	2.MED	2.MED1	SAMN05225380	KEEP: Assembly Modern Kutyrev 2018 Keller 2019	2	Asia	1966.0	55.0	0.0	40.6065534	46.70500981655712
GCA_003074255.1_ASM307425v1_genomic	1454	2012.0	-9	Russia	Altai Republic	64.6863136	97.7453061	50.7114101	86.8572186	Antiqua	4.ANT	4.ANT1	SAMN05225371	KEEP: Assembly Modern Kutyrev 2018 Keller 2019	4	Europe	2012.0	9.0	0.0	50.7114101	86.8572186
GCA_002005285.1_ASM200528v1_genomic	195/P	[1898:1950]	[-123:-71]	India	Maharashtra	22.3511148	78.6677428	18.906835600000004	75.6741579	Antiqua	2.ANT	2.ANT1	SAMN06161235	KEEP: Assembly Modern Placement	2	Asia	1924.0	97.0	26.0	18.906835600000004	75.6741579
GCA_003074415.1_ASM307441v1_genomic	3551	1979.0	-42	Armenia	Gegharkunik Province	40.7696272	44.6736646	40.3030726	45.375739	Caucasica	0.PE	0.PE2	SAMN05225437	KEEP: Assembly Modern Kutyrev 2018 Keller 2019	0	Asia	1979.0	42.0	0.0	40.3030726	45.375739
GCA_003074375.1_ASM307437v1_genomic	261	1955.0	-66	Azerbaijan	Baku	40.3936294	47.787250799999995	40.3754434	49.8326748	Medievalis	2.MED	2.MED1	SAMN05225432	KEEP: Assembly Modern Kutyrev 2018 Keller 2019	2	Asia	1955.0	66.0	0.0	40.3754434	49.8326748
GCA_003074355.1_ASM307435v1_genomic	1240	1967.0	-54	Azerbaijan	Fizuli District	40.3936294	47.787250799999995	39.58356755	47.380699808394404	Medievalis	2.MED	2.MED1	SAMN05225431	KEEP: Assembly Modern Kutyrev 2018 Keller 2019	2	Asia	1967.0	54.0	0.0	39.58356755	47.380699808394404
GCA_003074295.1_ASM307429v1_genomic	244	1967.0	-54	Kazakhstan	Kyzylorda Province	47.2286086	65.20931970000001	46.80226270000001	61.6597098	Medievalis	2.MED	2.MED1	SAMN05225376	KEEP: Assembly Modern Kutyrev 2018 Keller 2019	2	Asia	1967.0	54.0	0.0	46.80226270000001	61.6597098
GCA_003074275.1_ASM307427v1_genomic	C-627	1986.0	-35	Russia	Kabardino-Balkaria	64.6863136	97.7453061	43.442828600000006	43.4204809	Medievalis	2.MED	2.MED0	SAMN05225373	KEEP: Assembly Modern Kutyrev 2018 Keller 2019	2	Europe	1986.0	35.0	0.0	43.442828600000006	43.4204809
GCA_003086015.1_ASM308601v1_genomic	M-1944	2012.0	-9	Russia	Tuva Republic	64.6863136	97.7453061	51.401714899999995	93.8582593	Antiqua	4.ANT	4.ANT1	SAMN05162583	KEEP: Assembly Modern Kutyrev 2018 Keller 2019	4	Europe	2012.0	9.0	0.0	51.401714899999995	93.8582593
GCA_003085975.1_ASM308597v1_genomic	1530	2014.0	-7	Russia	Altai Republic	64.6863136	97.7453061	50.7114101	86.8572186	Medievalis	2.MED	2.MED1	SAMN05162580	KEEP: Assembly Modern	2	Europe	2014.0	7.0	0.0	50.7114101	86.8572186
GCA_003086055.1_ASM308605v1_genomic	595	2014.0	-7	Russia	Astrakhan Oblast	64.6863136	97.7453061	47.1878186	47.608851	Medievalis	2.MED	2.MED1	SAMN05162559	KEEP: Assembly Modern Kutyrev 2018 Keller 2019	2	Europe	2014.0	7.0	0.0	47.1878186	47.608851
GCA_003085895.1_ASM308589v1_genomic	I-2998	1982.0	-39	Russia	Altai Republic	64.6863136	97.7453061	50.7114101	86.8572186	Altaica	0.PE	0.PE4a	SAMN05150068	KEEP: Assembly Modern Kutyrev 2018 Keller 2019	0	Europe	1982.0	39.0	0.0	50.7114101	86.8572186
GCA_002412245.1_Y.pestis_A-1691_genomic	A-1691	1971.0	-50	Kyrgyzstan	Issyk-Kul Region	41.5089324	74.724091	42.06103415	78.17073232346421	Antiqua	0.ANT	0.ANT5	SAMN05150065	KEEP: Assembly Modern Eroshenko 2017 Keller 2019	0	Asia	1971.0	50.0	0.0	42.06103415	78.17073232346421
GCA_002412225.1_Y.pestis_A-1486_genomic	A-1486	1966.0	-55	Kyrgyzstan	Osh Region	41.5089324	74.724091	40.1537925	73.35273504013053	Antiqua	0.ANT	0.ANT3	SAMN05149973	KEEP: Assembly Modern Eroshenko 2017 Keller 2019	0	Asia	1966.0	55.0	0.0	40.1537925	73.35273504013053
GCA_003085875.1_ASM308587v1_genomic	M-986	1975.0	-46	Armenia	Syunik Province	40.7696272	44.6736646	39.3281408	46.1530296	Caucasica	0.PE	0.PE2	SAMN05149970	KEEP: Assembly Modern Kutyrev 2018 Keller 2019	0	Asia	1975.0	46.0	0.0	39.3281408	46.1530296
GCA_002412305.1_Y.pestis_A-1809_genomic	A-1809	1980.0	-41	Kyrgyzstan	Talas Region	41.5089324	74.724091	42.4451869	72.14310491939636	Medievalis	2.MED	2.MED1	SAMN05017696	KEEP: Assembly Modern Eroshenko 2017 Keller 2019	2	Asia	1980.0	41.0	0.0	42.4451869	72.14310491939636
GCA_003086095.1_ASM308609v1_genomic	M-1524	1993.0	-28	Kazakhstan	Shymkent	47.2286086	65.20931970000001	42.31469620000001	69.5883282	Medievalis	2.MED	2.MED1	SAMN05017693	KEEP: Assembly Modern Kutyrev 2018 Keller 2019	2	Asia	1993.0	28.0	0.0	42.31469620000001	69.5883282
GCA_003086115.1_ASM308611v1_genomic	A-1920	1988.0	-33	Kazakhstan	Almaty Region	47.2286086	65.20931970000001	45.2351691	77.27418709999999	Medievalis	2.MED	2.MED1	SAMN05017652	KEEP: Assembly Modern Kutyrev 2018 Keller 2019	2	Asia	1988.0	33.0	0.0	45.2351691	77.27418709999999
GCA_003086075.1_ASM308607v1_genomic	A-1825	1983.0	-38	Uzbekistan	Navoiy Region	41.32373	63.9528098	42.0	64.0	Medievalis	2.MED	2.MED1	SAMN05017610	KEEP: Assembly Modern Kutyrev 2018 Keller 2019	2	Asia	1983.0	38.0	0.0	42.0	64.0
GCA_003086035.1_ASM308603v1_genomic	2751-55	2012.0	-9	Russia	Altai Republic	64.6863136	97.7453061	50.7114101	86.8572186	Altaica	0.PE	0.PE4a	SAMN05017606	KEEP: Assembly Modern Kutyrev 2018 Keller 2019	0	Europe	2012.0	9.0	0.0	50.7114101	86.8572186
GCA_000835005.1_ASM83500v1_genomic	Nairobi	1985.0	-36	Kenya	Nairobi	1.4419683	38.431397499999996	-1.30316895	36.826061224105075	Antiqua	1.ANT	1.ANT1	SAMN03256395	KEEP: Assembly Modern Placement	1	Africa	1985.0	36.0	0.0	-1.30316895	36.826061224105075
GCA_001509855.1_ASM150985v1_genomic	Yp2126	2011.0	-10	United States of America	Arizona	39.7837304	-100.4458825	34.395342	-111.763275	Orientalis	1.ORI	1.ORI1	SAMN04012736	KEEP: Assembly Modern	1	North America	2011.0	10.0	0.0	34.395342	-111.763275
GCA_001509865.1_ASM150986v1_genomic	Yp1945	2009.0	-12	United States of America	Texas	39.7837304	-100.4458825	31.8160381	-99.51209859999999	Orientalis	1.ORI	1.ORI1	SAMN04012733	KEEP: Assembly Modern	1	North America	2009.0	12.0	0.0	31.8160381	-99.51209859999999
GCA_001617815.1_Yersinia_pestis_M-1453_genomic	M-1453	1991.0	-30	Kazakhstan	Atyrau	47.2286086	65.20931970000001	47.660582700000006	50.806203000000004	Medievalis	2.MED	2.MED1	SAMN04376922	KEEP: Assembly Modern Kutyrev 2018 Keller 2019	2	Asia	1991.0	30.0	0.0	47.660582700000006	50.806203000000004
GCA_001617805.1_Yersinia_pestis_173_genomic	173	1978.0	-43	Kazakhstan	Mangystau Province	47.2286086	65.20931970000001	43.3338178	52.85319112908714	Medievalis	2.MED	2.MED1	SAMN04376919	KEEP: Assembly Modern Kutyrev 2018 Keller 2019	2	Asia	1978.0	43.0	0.0	43.3338178	52.85319112908714
GCA_001617785.1_Yersinia_pestis_M-549_genomic	M-549	1977.0	-44	Turkmenistan	Balkan	39.376380700000006	59.392460899999996	39.9353714	54.91200550000001	Medievalis	2.MED	2.MED1	SAMN04376917	KEEP: Assembly Modern Kutyrev 2018 Keller 2019	2	Asia	1977.0	44.0	0.0	39.9353714	54.91200550000001
GCA_001601285.1_ASM160128v1_genomic	I-1996	1970.0	-51	Russia	Zabaykalsky Krai	64.6863136	97.7453061	52.248521000000004	115.956325	Antiqua	2.ANT	2.ANT3	SAMN04357319	KEEP: Assembly Modern Kutyrev 2018 Keller 2019	2	Europe	1970.0	51.0	0.0	52.248521000000004	115.956325
GCA_000970105.1_ASM97010v1_genomic	KIM 5	2007.0	-14	Iran	Kurdistan	32.6475314	54.56435160000001	35.672803	47.0124376	Medievalis	2.MED	2.MED1	SAMN03160723	KEEP: Assembly Modern	2	Asia	2007.0	14.0	0.0	35.672803	47.0124376
GCA_001188815.1_ASM118881v1_genomic	2944	1975.0	-46	Russia	Kabardino-Balkaria	64.6863136	97.7453061	43.442828600000006	43.4204809	Medievalis	2.MED	2.MED1	SAMN03941711	KEEP: Assembly Modern Zhgenti 2015 Keller 2019	2	Europe	1975.0	46.0	0.0	43.442828600000006	43.4204809
GCA_001261985.1_YPW_3_IHQD_genomic	EV76D	[1926:2015]	[-95:-6]	Madagascar	?	-18.9249604	46.441642200000004	?	?	Orientalis	1.ORI	1.ORI3	SAMN03816156	KEEP: Assembly Modern	1	Africa	1970.5	50.5	44.5	-18.9249604	46.441642200000004
GCA_001188935.1_ASM118893v1_genomic	1413	[1966:1997]	[-55:-24]	Georgia	Samtskhe-Javakheti	41.6809707	44.02873820000001	41.52653525	43.2469570403887	Caucasica	0.PE	0.PE2	SAMN03783058	KEEP: Assembly Modern Zhgenti 2015 Keller 2019	0	Asia	1981.5	39.5	15.5	41.52653525	43.2469570403887
GCA_000475155.2_YP24H_v2_genomic	24H	1998.0	-23	India	Tamil Nadu	22.3511148	78.6677428	10.909433400000001	78.3665347	Orientalis	1.ORI	1.ORI1	SAMN02470618	KEEP: Assembly Modern	1	Asia	1998.0	23.0	0.0	10.909433400000001	78.3665347
GCA_000475115.2_YP113_v2_genomic	113	1994.0	-27	India	Gujarat	22.3511148	78.6677428	22.3850008	71.74526329999999	Orientalis	1.ORI	1.ORI3	SAMN02470617	KEEP: Assembly Modern	1	Asia	1994.0	27.0	0.0	22.3850008	71.74526329999999
GCA_000475135.2_YPS03_v2_genomic	S3	2002.0	-19	India	Himachal Pradesh	22.3511148	78.6677428	31.81676015	77.34932051968858	Antiqua	2.ANT	2.ANT1	SAMN02470613	KEEP: Assembly Modern	2	Asia	2002.0	19.0	0.0	31.81676015	77.34932051968858
GCA_000705315.1_EDB10_058v1_genomic	EBD10-058	2010.0	-11	Canada	Saskatchewan	61.0666922	-107.991707	55.5321257	-106.1412243	Orientalis	1.ORI	1.ORI1	SAMN02207408	KEEP: Assembly Modern	1	North America	2010.0	11.0	0.0	55.5321257	-106.1412243
GCA_000324805.2_EV76-CN_genomic	EV76-CN	1926.0	-95	China	Gansu	35.000074	104.999927	38.0000001	101.9999999	Orientalis	1.ORI	1.ORI3	SAMN02403074	KEEP: Assembly Modern Cui 2013 Keller 2019	1	Asia	1926.0	95.0	0.0	38.0000001	101.9999999
GCA_000182705.1_ASM18270v1_genomic	KIM D27	[1968:1998]	[-53:-23]	Iran	Kurdistan	32.6475314	54.56435160000001	35.672803	47.0124376	Medievalis	2.MED	2.MED1	SAMN02404405	KEEP: Assembly Modern	2	Asia	1983.0	38.0	15.0	35.672803	47.0124376
GCA_000834885.1_ASM83488v1_genomic	Nicholisk 41	2008.0	-13	China	Heilongjiang	35.000074	104.999927	48.000004700000005	127.99999199999999	Antiqua	2.ANT	2.ANT3	SAMN03216612	KEEP: Assembly Modern	2	Asia	2008.0	13.0	0.0	48.000004700000005	127.99999199999999
GCA_000268625.1_ASM26862v1_genomic	PY-12	2008.0	-13	Peru	Cajamarca	-6.8699697	-75.0458515	-6.25	-78.833333	Orientalis	1.ORI	1.ORI1	SAMN02141459	KEEP: Assembly Modern	1	South America	2008.0	13.0	0.0	-6.25	-78.833333
GCA_001188675.1_ASM118867v1_genomic	790	[1961:1976]	[-60:-45]	Kyrgyzstan	?	41.5089324	74.724091	?	?	Antiqua	0.ANT	0.ANT3	SAMN02769799	KEEP: Assembly Modern Zgenti 2015 Keller 2019	0	Asia	1968.5	52.5	7.5	41.5089324	74.724091
GCA_000590535.2_ASM59053v2_genomic	EV NIIEG	1941.0	-80	Russia	Kirov Oblast	64.6863136	97.7453061	57.9665589	49.4074599	Orientalis	1.ORI	1.ORI3	SAMN02598688	KEEP: Assembly Modern	1	Europe	1941.0	80.0	0.0	57.9665589	49.4074599
GCA_000255755.1_ASM25575v1_genomic	AS200901539	2009.0	-12	United States of America	Nevada	39.7837304	-100.4458825	39.515882500000004	-116.85372269999999	Orientalis	1.ORI	1.ORI1	SAMN01831182	KEEP: Assembly Modern	1	North America	2009.0	12.0	0.0	39.515882500000004	-116.85372269999999
GCA_000255895.1_ASM25589v1_genomic	AS200901509	2009.0	-12	United States of America	New Mexico	39.7837304	-100.4458825	34.5708167	-105.993007	Orientalis	1.ORI	1.ORI1	SAMN01831181	KEEP: Assembly Modern	1	North America	2009.0	12.0	0.0	34.5708167	-105.993007
GCA_000182485.1_ASM18248v1_genomic	Nepal516	1967.0	-54	Nepal	Gandaki Pradesh	28.108392900000002	84.0917139	28.3840962	84.03632755245305	Antiqua	2.ANT	2.ANT1	SAMN02403941	KEEP: Assembly Modern Morelli 2010 Cui 2013 Keller 2019	2	Asia	1967.0	54.0	0.0	28.3840962	84.03632755245305
GCA_000181455.2_ASM18145v2_genomic	CA88-4125	1988.0	-33	United States of America	California	39.7837304	-100.4458825	36.7014631	-118.755997	Orientalis	1.ORI	1.ORI1	SAMN02403940	KEEP: Assembly Modern Morelli 2010 Cui 2013 Keller 2019	1	North America	1988.0	33.0	0.0	36.7014631	-118.755997
GCA_000325485.1_ASM32548v1_genomic	YN663	1982.0	-39	China	Yunnan	35.000074	104.999927	25.0	102.0	Orientalis	1.ORI	1.ORI2	SAMN02403108	KEEP: Assembly Modern Cui 2013 Keller 2019	1	Asia	1982.0	39.0	0.0	25.0	102.0
GCA_000325445.1_ASM32544v1_genomic	YN2588	2000.0	-21	China	Guangxi Zhuang	35.000074	104.999927	24.0	109.0	Orientalis	1.ORI	1.ORI2	SAMN02403106	KEEP: Assembly Modern Cui 2013 Keller 2019	1	Asia	2000.0	21.0	0.0	24.0	109.0
GCA_000325405.1_ASM32540v1_genomic	YN2179	1995.0	-26	Myanmar	?	17.1750495	95.9999652	?	?	Orientalis	1.ORI	1.ORI2	SAMN02403104	KEEP: Assembly Modern Cui 2013 Keller 2019	1	Asia	1995.0	26.0	0.0	17.1750495	95.9999652
GCA_000325385.1_ASM32538v1_genomic	YN1683	1977.0	-44	China	Yunnan	35.000074	104.999927	25.0	102.0	Antiqua	1.IN	1.IN3	SAMN02403103	KEEP: Assembly Modern Cui 2013 Keller 2019	1	Asia	1977.0	44.0	0.0	25.0	102.0
GCA_000325325.1_ASM32532v1_genomic	SHAN11	2006.0	-15	China	Shaanxi	35.000074	104.999927	36.0	109.0	Medievalis	2.MED	2.MED3	SAMN02403100	KEEP: Assembly Modern Cui 2013 Keller 2019	2	Asia	2006.0	15.0	0.0	36.0	109.0
GCA_000325305.1_ASM32530v1_genomic	MGJZ9	1998.0	-23	Mongolia	Govi-Altai	46.825038799999994	103.8499736	45.3463139	95.9325806	Antiqua	3.ANT	3.ANT2	SAMN02403099	KEEP: Assembly Modern Cui 2013 Keller 2019 Placement	3	Asia	1998.0	23.0	0.0	45.3463139	95.9325806
GCA_000325285.1_ASM32528v1_genomic	MGJZ7	1997.0	-24	Mongolia	Dornogovi	46.825038799999994	103.8499736	44.4179637	109.77837530000001	Antiqua	3.ANT	3.ANT2	SAMN02403098	KEEP: Assembly Modern Cui 2013 Keller 2019	3	Asia	1997.0	24.0	0.0	44.4179637	109.77837530000001
GCA_000325225.1_ASM32522v1_genomic	MGJZ12	2002.0	-19	Mongolia	Bayan-Ölgii	46.825038799999994	103.8499736	48.5470083	89.8549358	Antiqua	4.ANT	4.ANT1	SAMN02403095	KEEP: Assembly Modern Cui 2013 Keller 2019	4	Asia	2002.0	19.0	0.0	48.5470083	89.8549358
GCA_000325205.1_ASM32520v1_genomic	MGJZ11	2000.0	-21	Mongolia	Bayan-Ölgii	46.825038799999994	103.8499736	48.5470083	89.8549358	Antiqua	3.ANT	3.ANT2	SAMN02403094	KEEP: Assembly Modern Cui 2013 Keller 2019	3	Asia	2000.0	21.0	0.0	48.5470083	89.8549358
GCA_000325185.1_ASM32518v1_genomic	M0000002	2001.0	-20	China	Qinghai	35.000074	104.999927	35.40709525	95.95211573241954	Microtus	0.PE	0.PE4m	SAMN02403093	KEEP: Assembly Modern Cui 2013 Keller 2019	0	Asia	2001.0	20.0	0.0	35.40709525	95.95211573241954
GCA_000325165.1_ASM32516v1_genomic	K21985002	1985.0	-36	China	Xinjiang	35.000074	104.999927	42.4804953	85.4633464	Antiqua	1.IN	1.IN1	SAMN02403092	KEEP: Assembly Modern Cui 2013 Keller 2019	1	Asia	1985.0	36.0	0.0	42.4804953	85.4633464
GCA_000325105.1_ASM32510v1_genomic	J1963002	1963.0	-58	China	Gansu	35.000074	104.999927	38.0000001	101.9999999	Medievalis	2.MED	2.MED3	SAMN02403089	KEEP: Assembly Modern Cui 2013 Keller 2019	2	Asia	1963.0	58.0	0.0	38.0000001	101.9999999
GCA_000325065.1_ASM32506v1_genomic	I1994006	1994.0	-27	China	Hebei	35.000074	104.999927	39.0000001	116.0	Medievalis	2.MED	2.MED3	SAMN02403087	KEEP: Assembly Modern Cui 2013 Keller 2019	2	Asia	1994.0	27.0	0.0	39.0000001	116.0
GCA_000325045.1_ASM32504v1_genomic	I1991001	1991.0	-30	China	Inner Mongolia	35.000074	104.999927	43.2443242	114.32516640000001	Medievalis	2.MED	2.MED3	SAMN02403086	KEEP: Assembly Modern Cui 2013 Keller 2019	2	Asia	1991.0	30.0	0.0	43.2443242	114.32516640000001
GCA_000325005.1_ASM32500v1_genomic	I1969003	1969.0	-52	China	Ningxia	35.000074	104.999927	37.0000001	105.9999999	Medievalis	2.MED	2.MED3	SAMN02403084	KEEP: Assembly Modern Cui 2013 Keller 2019	2	Asia	1969.0	52.0	0.0	37.0000001	105.9999999
GCA_000324985.1_ASM32498v1_genomic	I160001	1987.0	-34	China	Xinjiang	35.000074	104.999927	42.4804953	85.4633464	Medievalis	2.MED	2.MED2	SAMN02403083	KEEP: Assembly Modern Cui 2013	2	Asia	1987.0	34.0	0.0	42.4804953	85.4633464
GCA_000324945.1_ASM32494v1_genomic	H1958004	1958.0	-63	China	Jilin	35.000074	104.999927	42.9995032	125.9816054	Medievalis	2.MED	2.MED3	SAMN02403081	KEEP: Assembly Modern Cui 2013	2	Asia	1958.0	63.0	0.0	42.9995032	125.9816054
GCA_000324905.1_ASM32490v1_genomic	G1996010	1996.0	-25	China	Tibet	35.000074	104.999927	29.8556443	90.87498070000001	Antiqua	2.ANT	2.ANT2	SAMN02403079	KEEP: Assembly Modern Cui 2013 Keller 2019	2	Asia	1996.0	25.0	0.0	29.8556443	90.87498070000001
GCA_000324725.1_ASM32472v1_genomic	D1982001	1982.0	-39	China	Gansu	35.000074	104.999927	38.0000001	101.9999999	Antiqua	1.IN	1.IN2	SAMN02403071	KEEP: Assembly Modern Cui 2013 Keller 2019 Placement	1	Asia	1982.0	39.0	0.0	38.0000001	101.9999999
GCA_000324705.1_ASM32470v1_genomic	D1964002	1964.0	-57	China	Qinghai	35.000074	104.999927	35.40709525	95.95211573241954	Antiqua	1.IN	1.IN2	SAMN02403070	KEEP: Assembly Modern Cui 2013 Keller 2019	1	Asia	1964.0	57.0	0.0	35.40709525	95.95211573241954
GCA_000324665.1_ASM32466v1_genomic	CMCCN010025	2000.0	-21	China	Sečuán	35.000074	104.999927	30.500000099999998	102.4999999	Microtus	0.PE	0.PE4m	SAMN02403068	KEEP: Assembly Modern Cui 2013 Keller 2019	0	Asia	2000.0	21.0	0.0	30.500000099999998	102.4999999
GCA_000324525.1_ASM32452v1_genomic	CMCC93014	1970.0	-51	China	Inner Mongolia	35.000074	104.999927	43.2443242	114.32516640000001	Microtus	0.PE	0.PE4m	SAMN02403061	KEEP: Assembly Modern Cui 2013 Keller 2019	0	Asia	1970.0	51.0	0.0	43.2443242	114.32516640000001
GCA_000324505.1_ASM32450v1_genomic	CMCC92010	1971.0	-50	China	Inner Mongolia	35.000074	104.999927	43.2443242	114.32516640000001	Antiqua	2.ANT	2.ANT3	SAMN02403060	KEEP: Assembly Modern Cui 2013 Keller 2019	2	Asia	1971.0	50.0	0.0	43.2443242	114.32516640000001
GCA_000324485.1_ASM32448v1_genomic	CMCC92004	1957.0	-64	China	Inner Mongolia	35.000074	104.999927	43.2443242	114.32516640000001	Medievalis	2.MED	2.MED3	SAMN02403059	KEEP: Assembly Modern Cui 2013 Keller 2019	2	Asia	1957.0	64.0	0.0	43.2443242	114.32516640000001
GCA_000324385.1_ASM32438v1_genomic	CMCC84038	1982.0	-39	China	Yunnan	35.000074	104.999927	25.0	102.0	Antiqua	1.IN	1.IN3	SAMN02403054	KEEP: Assembly Modern Cui 2013 Keller 2019	1	Asia	1982.0	39.0	0.0	25.0	102.0
GCA_000324245.1_ASM32424v1_genomic	CMCC51020	1954.0	-67	China	Jilin	35.000074	104.999927	42.9995032	125.9816054	Antiqua	2.ANT	2.ANT3	SAMN02403047	KEEP: Assembly Modern Cui 2013 Keller 2019	2	Asia	1954.0	67.0	0.0	42.9995032	125.9816054
GCA_000324065.1_ASM32406v1_genomic	CMCC21106	2001.0	-20	China	Xinjiang	35.000074	104.999927	42.4804953	85.4633464	Antiqua	0.ANT	0.ANT3	SAMN02403038	KEEP: Assembly Modern Cui 2013 Keller 2019 Placement	0	Asia	2001.0	20.0	0.0	42.4804953	85.4633464
GCA_000324005.1_ASM32400v1_genomic	CMCC12003	1961.0	-60	China	Qinghai	35.000074	104.999927	35.40709525	95.95211573241954	Medievalis	2.MED	2.MED3	SAMN02403035	KEEP: Assembly Modern Cui 2013 Keller 2019	2	Asia	1961.0	60.0	0.0	35.40709525	95.95211573241954
GCA_000323985.1_ASM32398v1_genomic	CMCC114001	1952.0	-69	China	Fujian	35.000074	104.999927	26.5450001	117.84277800000001	Orientalis	1.ORI	1.ORI1	SAMN02403034	KEEP: Assembly Modern Cui 2013 Keller 2019	1	Asia	1952.0	69.0	0.0	26.5450001	117.84277800000001
GCA_000323965.1_ASM32396v1_genomic	CMCC11001	1954.0	-67	China	Qinghai	35.000074	104.999927	35.40709525	95.95211573241954	Antiqua	1.IN	1.IN1	SAMN02403033	KEEP: Assembly Modern Cui 2013 Keller 2019 Placement	1	Asia	1954.0	67.0	0.0	35.40709525	95.95211573241954
GCA_000323925.1_ASM32392v1_genomic	CMCC106002	1996.0	-25	China	Inner Mongolia	35.000074	104.999927	43.2443242	114.32516640000001	Antiqua	2.ANT	2.ANT3	SAMN02403031	KEEP: Assembly Modern Cui 2013 Keller 2019	2	Asia	1996.0	25.0	0.0	43.2443242	114.32516640000001
GCA_000323905.1_ASM32390v1_genomic	CMCC104003	1989.0	-32	China	Inner Mongolia	35.000074	104.999927	43.2443242	114.32516640000001	Antiqua	2.ANT	2.ANT3	SAMN02403030	KEEP: Assembly Modern Cui 2013 Keller 2019	2	Asia	1989.0	32.0	0.0	43.2443242	114.32516640000001
GCA_000323845.1_ASM32384v1_genomic	CMCC05009	1961.0	-60	China	Qinghai	35.000074	104.999927	35.40709525	95.95211573241954	Antiqua	0.PE	0.PE7	SAMN02403027	KEEP: Assembly Modern Cui 2013 Placement	0	Asia	1961.0	60.0	0.0	35.40709525	95.95211573241954
GCA_000323805.1_ASM32380v1_genomic	CMCC02041	1965.0	-56	China	Qinghai	35.000074	104.999927	35.40709525	95.95211573241954	Antiqua	1.IN	1.IN2	SAMN02403025	KEEP: Assembly Modern Cui 2013 Keller 2019	1	Asia	1965.0	56.0	0.0	35.40709525	95.95211573241954
GCA_000323765.1_ASM32376v1_genomic	C1976001	1976.0	-45	China	Gansu	35.000074	104.999927	38.0000001	101.9999999	Antiqua	3.ANT	3.ANT1	SAMN02403023	KEEP: Assembly Modern Cui 2013 Keller 2019	3	Asia	1976.0	45.0	0.0	38.0000001	101.9999999
GCA_000323705.1_ASM32370v1_genomic	A1956001	1956.0	-65	China	Xinjiang	35.000074	104.999927	42.4804953	85.4633464	Antiqua	0.ANT	0.ANT3	SAMN02403019	KEEP: Assembly Modern Cui 2013 Keller 2019	0	Asia	1956.0	65.0	0.0	42.4804953	85.4633464
GCA_000323625.1_ASM32362v1_genomic	9	2004.0	-17	China	Qinghai	35.000074	104.999927	35.40709525	95.95211573241954	Qinghaica	0.PE	0.PE10	SAMN02403015	KEEP: Assembly Modern Cui 2013 Keller 2019 Placement	0	Asia	2004.0	17.0	0.0	35.40709525	95.95211573241954
GCA_000323585.1_ASM32358v1_genomic	735	1965.0	-56	Russia	St. Petersberg	64.6863136	97.7453061	59.938731999999995	30.316228999999996	Antiqua	2.ANT	2.ANT3	SAMN02403013	KEEP: Assembly Modern Cui 2013 Keller 2019	2	Europe	1965.0	56.0	0.0	59.938731999999995	30.316228999999996
GCA_000323505.1_ASM32350v1_genomic	7	2004.0	-17	China	Qinghai	35.000074	104.999927	35.40709525	95.95211573241954	Antiqua	3.ANT	3.ANT1	SAMN02403009	KEEP: Assembly Modern Cui 2013 Keller 2019 Placement	3	Asia	2004.0	17.0	0.0	35.40709525	95.95211573241954
GCA_000323445.1_ASM32344v1_genomic	5	2004.0	-17	China	Qinghai	35.000074	104.999927	35.40709525	95.95211573241954	Antiqua	1.IN	1.IN2	SAMN02403006	KEEP: Assembly Modern Cui 2013 Keller 2019	1	Asia	2004.0	17.0	0.0	35.40709525	95.95211573241954
GCA_000320445.1_ASM32044v1_genomic	2	2004.0	-17	China	Qinghai	35.000074	104.999927	35.40709525	95.95211573241954	Antiqua	2.ANT	2.ANT2	SAMN02402993	KEEP: Assembly Modern Cui 2013 Keller 2019	2	Asia	2004.0	17.0	0.0	35.40709525	95.95211573241954
GCA_000268865.1_ASM26886v1_genomic	PY-58	2010.0	-11	Peru	La Libertad	-6.8699697	-75.0458515	-8.0	-78.5	Orientalis	1.ORI	1.ORI1	SAMN02141480	KEEP: Assembly Modern	1	South America	2010.0	11.0	0.0	-8.0	-78.5
GCA_000382545.1_Yersinia_pestis_assembly_genomic	G1670A	[1950:2000]	[-71:-21]	Georgia	?	41.6809707	44.02873820000001	?	?	Caucasica	0.PE	0.PE2	SAMN01909378	KEEP: Assembly Modern	0	Asia	1975.0	46.0	25.0	41.6809707	44.02873820000001
GCA_016102905.1_ASM1610290v1_genomic	M-1355	1986.0	-35	Russia	Republic of Kalmykia	64.6863136	97.7453061	46.2313018	45.3275745	Medievalis	2.MED	2.MED1	SAMN15064019	KEEP: Assembly Modern Placement	2	Europe	1986.0	35.0	0.0	46.2313018	45.3275745
GCA_016102945.1_ASM1610294v1_genomic	930	1955.0	-66	Kazakhstan	?	47.2286086	65.20931970000001	?	?	Medievalis	2.MED	2.MED1	SAMN15064018	KEEP: Assembly Modern	2	Asia	1955.0	66.0	0.0	47.2286086	65.20931970000001
GCA_016102855.1_ASM1610285v1_genomic	7702	1966.0	-55	Kazakhstan	Atyrau Region	47.2286086	65.20931970000001	47.660582700000006	50.806203000000004	Medievalis	2.MED	2.MED1	SAMN15063890	KEEP: Assembly Modern	2	Asia	1966.0	55.0	0.0	47.660582700000006	50.806203000000004
GCA_016102765.1_ASM1610276v1_genomic	928	1955.0	-66	Kazakhstan	Aktobe Region	47.2286086	65.20931970000001	48.23965820000001	57.721328899999996	Medievalis	2.MED	2.MED1	SAMN15063709	KEEP: Assembly Modern	2	Asia	1955.0	66.0	0.0	48.23965820000001	57.721328899999996
GCA_016102675.1_ASM1610267v1_genomic	378	2015.0	-6	Russia	Republic of Kalmykia	64.6863136	97.7453061	46.2313018	45.3275745	Medievalis	2.MED	2.MED1	SAMN15062813	KEEP: Assembly Modern	2	Europe	2015.0	6.0	0.0	46.2313018	45.3275745
GCA_016102665.1_ASM1610266v1_genomic	258	1930.0	-91	Russia	Astrakhan Oblast	64.6863136	97.7453061	47.1878186	47.608851	Medievalis	2.MED	2.MED1	SAMN15062812	KEEP: Assembly Modern	2	Europe	1930.0	91.0	0.0	47.1878186	47.608851
GCA_016102645.1_ASM1610264v1_genomic	165	1932.0	-89	Kazakhstan	West Kazakhstan Region	47.2286086	65.20931970000001	49.5568479	50.2227409	Medievalis	2.MED	2.MED1	SAMN15055973	KEEP: Assembly Modern	2	Asia	1932.0	89.0	0.0	49.5568479	50.2227409
GCA_016102545.1_ASM1610254v1_genomic	146	1931.0	-90	Azerbaijan	Nagorno-Karabakh Republic	40.3936294	47.787250799999995	39.97461145	46.64969832546284	Medievalis	2.MED	2.MED1	SAMN15055918	KEEP: Assembly Modern	2	Asia	1931.0	90.0	0.0	39.97461145	46.64969832546284
GCA_016102555.1_ASM1610255v1_genomic	2	1912.0	-109	Kazakhstan	West Kazakhstan region	47.2286086	65.20931970000001	49.5568479	50.2227409	Medievalis	2.MED	2.MED1	SAMN15053798	KEEP: Assembly Modern	2	Asia	1912.0	109.0	0.0	49.5568479	50.2227409
GCA_015158475.1_ASM1515847v1_genomic	S20080153	2008.0	-13	China	Tibet	35.000074	104.999927	29.8556443	90.87498070000001	Orientalis	1.IN	1.IN2	SAMN13021981	KEEP: Assembly Modern	1	Asia	2008.0	13.0	0.0	29.8556443	90.87498070000001
GCA_015158625.1_ASM1515862v1_genomic	S19940051	1994.0	-27	China	Tibet	35.000074	104.999927	29.8556443	90.87498070000001	Orientalis	1.IN	1.IN2	SAMN13021976	KEEP: Assembly Modern	1	Asia	1994.0	27.0	0.0	29.8556443	90.87498070000001
GCA_015158675.1_ASM1515867v1_genomic	S20070189	2007.0	-14	China	Tibet	35.000074	104.999927	29.8556443	90.87498070000001	Antiqua	2.ANT	2.ANT1	SAMN13021975	KEEP: Assembly Modern	2	Asia	2007.0	14.0	0.0	29.8556443	90.87498070000001
GCA_015159615.1_ASM1515961v1_genomic	14D	1970.0	-51	Russia	Ingushetia	64.6863136	97.7453061	43.1655309	44.979682000000004	Medievalis	2.MED	2.MED1	SAMN16431992	KEEP: Assembly Modern	2	Europe	1970.0	51.0	0.0	43.1655309	44.979682000000004
GCA_015274745.1_ASM1527474v1_genomic	KM2074	2019.0	-2	Kyrgyzstan	?	41.5089324	74.724091	?	?	Antiqua	0.ANT	0.ANT5	SAMN14091023	KEEP: Assembly Modern No Province	0	Asia	2019.0	2.0	0.0	41.5089324	74.724091
GCA_014734395.1_ASM1473439v1_genomic	S16	2018.0	-3	China	Inner Mongolia	35.000074	104.999927	43.2443242	114.32516640000001	Medievalis	2.MED	2.MED3	SAMN16205174	KEEP: Assembly Modern	2	Asia	2018.0	3.0	0.0	43.2443242	114.32516640000001
GCA_013421535.1_ASM1342153v1_genomic	P_14709	1988.0	-33	Vietnam	Ho Chi Minh City	13.2904027	108.42651129999999	10.7758439	106.70175549999999	Orientalis	1.ORI	1.ORI2	SAMN14943533	KEEP: Assembly Modern	1	Asia	1988.0	33.0	0.0	10.7758439	106.70175549999999
GCA_013421555.1_ASM1342155v1_genomic	P_13272	1986.0	-35	Vietnam	?	13.2904027	108.42651129999999	?	?	Orientalis	1.ORI	1.ORI2	SAMN14943531	KEEP: Assembly Modern No Province	1	Asia	1986.0	35.0	0.0	13.2904027	108.42651129999999
GCA_013421465.1_ASM1342146v1_genomic	Saigon_Nhatraung_62_3	1962.0	-59	Vietnam	Khánh Hoà Province	13.2904027	108.42651129999999	12.196080300000002	108.9950386	Orientalis	1.ORI	1.ORI2	SAMN14943509	KEEP: Assembly Modern	1	Asia	1962.0	59.0	0.0	12.196080300000002	108.9950386
GCA_013421455.1_ASM1342145v1_genomic	140_Dalat	1967.0	-54	Vietnam	Lâm Đồng Province	13.2904027	108.42651129999999	11.693772500000001	108.152754	Orientalis	1.ORI	1.ORI2	SAMN14943503	KEEP: Assembly Modern	1	Asia	1967.0	54.0	0.0	11.693772500000001	108.152754
GCA_015350455.1_ASM1535045v1_genomic	693	1949.0	-72	Turkmenistan	?	39.376380700000006	59.392460899999996	?	?	Medievalis	2.MED	2.MED1	SAMN15246854	KEEP: Assembly Modern No Province	2	Asia	1949.0	72.0	0.0	39.376380700000006	59.392460899999996
GCA_013391945.1_ASM1339194v1_genomic	3256	2017.0	-4	Mongolia	Zavkhan Province	46.825038799999994	103.8499736	48.3443641	96.6954161	Antiqua	3.ANT	3.ANT2	SAMN13880443	KEEP: Assembly Modern Ambiguous Province	3	Asia	2017.0	4.0	0.0	48.3443641	96.6954161
GCA_013391965.1_ASM1339196v1_genomic	3243	2016.0	-5	Mongolia	Hovsgel	46.825038799999994	103.8499736	50.2206196	99.91704920000001	Antiqua	3.ANT	3.ANT2	SAMN13880442	KEEP: Assembly Modern Ambiguous Province	3	Asia	2016.0	5.0	0.0	50.2206196	99.91704920000001
GCA_013392085.1_ASM1339208v1_genomic	3310	2018.0	-3	Mongolia	Dornogovi	46.825038799999994	103.8499736	44.4179637	109.77837530000001	Medievalis	2.MED	2.MED3	SAMN13907445	KEEP: Assembly Modern	2	Asia	2018.0	3.0	0.0	44.4179637	109.77837530000001
GCA_010974845.1_ASM1097484v1_genomic	578	1945.0	-76	Kazakhstan	Kyzylorda Region	47.2286086	65.20931970000001	45.20588529999999	63.9155202	Medievalis	2.MED	2.MED1	SAMN14089970	KEEP: Assembly Modern	2	Asia	1945.0	76.0	0.0	45.20588529999999	63.9155202
GCA_009909645.1_ASM990964v1_genomic	111	1971.0	-50	Russia	Astrakhan Oblast	64.6863136	97.7453061	47.1878186	47.608851	Medievalis	2.MED	2.MED1	SAMN13632895	KEEP: Assembly Modern	2	Europe	1971.0	50.0	0.0	47.1878186	47.608851
SAMEA5818829	STN020	[1485:1635]	[-536:-386]	Switzerland	Nidwalden	46.81333125000001	8.444947437939406	46.942756	8.4119773	Second Pandemic	1.PRE	1.PRE1	SAMEA5818829	KEEP: SRA Ancient	1	Europe	1560.0	461.0	75.0	46.942756	8.4119773
SAMEA5818815	NMS002	[1475:1536]	[-546:-485]	England	East of England	52.5310214	-1.2649062	52.2199774	0.4875777469166293	Second Pandemic	1.PRE	1.PRE1	SAMEA5818815	KEEP: SRA Ancient	1	Europe	1505.5	515.5	30.5	52.2199774	0.4875777469166293
SAMEA5818811	?B003	[1292:1392]	[-729:-629]	Germany	Bavaria	51.0834196	10.4234469	48.9467562	11.4038717	Second Pandemic	1.PRE	1.PRE1	SAMEA5818811	KEEP: SRA Ancient	1	Europe	1342.0	679.0	50.0	48.9467562	11.4038717
SAMEA5818808	LBG002	[1455:1632]	[-566:-389]	Germany	Bavaria	51.0834196	10.4234469	48.9467562	11.4038717	Second Pandemic	1.PRE	1.PRE1	SAMEA5818808	KEEP: SRA Ancient	1	Europe	1543.5	477.5	88.5	48.9467562	11.4038717
SAMEA5818806	LAI009	[1300:1400]	[-721:-621]	Russia	Tatarstan	64.6863136	97.7453061	55.44821700000001	50.4763591	Second Pandemic	1.PRE	1.PRE0	SAMEA5818806	KEEP: SRA Ancient Placement	1	Europe	1350.0	671.0	50.0	55.44821700000001	50.4763591
SAMEA5818805	ELW098	[1485:1627]	[-536:-394]	Germany	Baden-Württemberg	51.0834196	10.4234469	48.5908946	9.0399498	Second Pandemic	1.PRE	1.PRE1	SAMEA5818805	KEEP: SRA Ancient	1	Europe	1556.0	465.0	71.0	48.5908946	9.0399498
SAMEA5818803	BRA001	[1618:1648]	[-403:-373]	Germany	Brandenburg	51.0834196	10.4234469	52.84554920000001	13.2461296	Second Pandemic	1.PRE	1.PRE1	SAMEA5818803	KEEP: SRA Ancient	1	Europe	1633.0	388.0	15.0	52.84554920000001	13.2461296
SAMEA5818801	BED034	[1560:1635]	[-461:-386]	England	Greater London	52.5310214	-1.2649062	51.4893335	-0.14405508452768728	Second Pandemic	1.PRE	1.PRE1	SAMEA5818801	KEEP: SRA Ancient	1	Europe	1597.5	423.5	37.5	51.4893335	-0.14405508452768728
SAMEA5661389	UNT003	[433:599]	[-1588:-1422]	Germany	Bavaria	51.0834196	10.4234469	48.9467562	11.4038717	Antiqua	0.ANT	0.ANT4	SAMEA5661389	KEEP: SRA Ancient	0	Europe	516.0	1505.0	83.0	48.9467562	11.4038717
SAMEA5661384	VAL001	[432:610]	[-1589:-1411]	Spain	Valencia Community	39.3260685	-4.8379791	39.6819591	-0.7654406	Antiqua	0.ANT	0.ANT4	SAMEA5661384	KEEP: SRA Ancient	0	Europe	521.0	1500.0	89.0	39.6819591	-0.7654406
SAMEA5661372	LSD020	[650:880]	[-1371:-1141]	France	Centre-Loire Valley	46.603353999999996	1.8883334999999999	47.5490251	1.7324061999999998	Antiqua	0.ANT	0.ANT4	SAMEA5661372	KEEP: SRA Ancient	0	Europe	765.0	1256.0	115.0	47.5490251	1.7324061999999998
SAMEA5661365	EDI004	[500:650]	[-1521:-1371]	England	East of England	52.5310214	-1.2649062	52.2199774	0.4875777469166293	Antiqua	0.ANT	0.ANT4	SAMEA5661365	KEEP: SRA Ancient	0	Europe	575.0	1446.0	75.0	52.2199774	0.4875777469166293
SAMEA5054093	SLC1006	[1279:1389]	[-742:-632]	France	Occitanie	46.603353999999996	1.8883334999999999	43.648785100000005	2.3435683999999997	Second Pandemic	1.PRE	1.PRE1	SAMEA5054093	KEEP: SRA Ancient	1	Europe	1334.0	687.0	55.0	43.648785100000005	2.3435683999999997
SAMEA5054092	OSL1	[1270:1390]	[-751:-631]	Norway	Oslo	60.5000209	9.099971499999999	59.913330099999996	10.7389701	Second Pandemic	1.PRE	1.PRE1	SAMEA5054092	KEEP: SRA Ancient	1	Europe	1330.0	691.0	60.0	59.913330099999996	10.7389701
SAMEA5054090	Ber45	[1300:1400]	[-721:-621]	The Netherlands	North Brabant	52.500169799999995	5.7480820999999995	51.6017723	5.444139099999999	Second Pandemic	1.PRE	1.PRE2	SAMEA5054090	KEEP: SRA Ancient Placement	1	Europe	1350.0	671.0	50.0	51.6017723	5.444139099999999
SAMEA104233048	Post6	[-2007:-1882]	[-4028:-3903]	Germany	Bavaria	51.0834196	10.4234469	48.9467562	11.4038717	Bronze Age	0.PRE	0.PRE1	SAMEA104233048	KEEP: SRA Ancient	0	Europe	-1944.5	3965.5	62.5	48.9467562	11.4038717
SAMEA104233049	1343UnTal85	[-2396:-2148]	[-4417:-4169]	Germany	Bavaria	51.0834196	10.4234469	48.9467562	11.4038717	Bronze Age	0.PRE	0.PRE1	SAMEA104233049	KEEP: SRA Ancient	0	Europe	-2272.0	4293.0	124.0	48.9467562	11.4038717
SAMEA104233047	KunilaII	[-2574:-2340]	[-4595:-4361]	Estonia	Pärnu maakond	58.75237779999999	25.3319078	58.31950685	24.30261214859043	Bronze Age	0.PRE	0.PRE1	SAMEA104233047	KEEP: SRA Ancient Placement	0	Europe	-2457.0	4478.0	117.0	58.31950685	24.30261214859043
SAMEA104233046	Gyvakarai1	[-2621:-2472]	[-4642:-4493]	Lithuania	Panevezys County	55.350000300000005	23.7499997	55.9156048	25.03115989218585	Bronze Age	0.PRE	0.PRE1	SAMEA104233046	KEEP: SRA Ancient	0	Europe	-2546.5	4567.5	74.5	55.9156048	25.03115989218585
SAMEA104488961	RT5	[-1918:-1754]	[-3939:-3775]	Russia	Samara Oblast	64.6863136	97.7453061	53.2128813	50.8914633	Bronze Age	0.PE	0.PE8	SAMEA104488961	KEEP: SRA Ancient Placement	0	Europe	-1836.0	3857.0	82.0	53.2128813	50.8914633
SAMEA4354665	AE1175	[426:571]	[-1595:-1450]	Germany	Bavaria	51.0834196	10.4234469	48.9467562	11.4038717	Antiqua	0.ANT	0.ANT4	SAMEA4354665	KEEP: SRA Ancient	0	Europe	498.5	1522.5	72.5	48.9467562	11.4038717
SAMEA3937654	BolgarCity2370	[1362:1400]	[-659:-621]	Russia	Tatarstan	64.6863136	97.7453061	55.44821700000001	50.4763591	Second Pandemic	1.PRE	1.PRE3	SAMEA3937654	KEEP: SRA Ancient Placement	1	Europe	1381.0	640.0	19.0	55.44821700000001	50.4763591
SAMEA3937653	Barcelona3031	[1300:1420]	[-721:-601]	Spain	Catalonia	39.3260685	-4.8379791	41.852309399999996	1.5745042999999999	Second Pandemic	1.PRE	1.PRE1	SAMEA3937653	KEEP: SRA Ancient	1	Europe	1360.0	661.0	60.0	41.852309399999996	1.5745042999999999
SAMEA3713714	OBS124	[1720:1722]	[-301:-299]	France	Provence-Alpes-Côte d'Azur	46.603353999999996	1.8883334999999999	44.0580563	6.063850599999999	Second Pandemic	1.PRE	1.PRE1	SAMEA3713714	KEEP: SRA Ancient	1	Europe	1721.0	300.0	1.0	44.0580563	6.063850599999999
SAMN00715800	8291	[1348:1350]	[-673:-671]	England	Greater London	52.5310214	-1.2649062	51.4893335	-0.14405508452768728	Second Pandemic	1.PRE	1.PRE1	SAMN00715800	KEEP: SRA Ancient	1	Europe	1349.0	672.0	1.0	51.4893335	-0.14405508452768728
SAMEA3541827	RISE509	[-2876:-2677]	[-4897:-4698]	Russia	Krasnoyarsk Krai	64.6863136	97.7453061	63.3233807	97.09799740000001	Bronze Age	0.PRE	0.PRE2	SAMEA3541827	KEEP: SRA Ancient Placement	0	Europe	-2776.5	4797.5	99.5	63.3233807	97.09799740000001
SAMEA3541826	RISE505	[-1746:-1626]	[-3767:-3647]	Russia	Altai Krai	64.6863136	97.7453061	52.693224300000004	82.69314240000001	Bronze Age	0.PRE	0.PRE1	SAMEA3541826	KEEP: SRA Ancient	0	Europe	-1686.0	3707.0	60.0	52.693224300000004	82.69314240000001
SAMEA1061800	DA101	[214:261]	[-1807:-1760]	Kyrgyzstan	Issyk-Kul Region	41.5089324	74.724091	42.06103415	78.17073232346421	Antiqua	0.ANT	0.ANT4	SAMEA1061800	KEEP: SRA Ancient Placement	0	Asia	237.5	1783.5	23.5	42.06103415	78.17073232346421
SAMEA7293136	COL001	[1300:1400]	[-721:-621]	Italy	Lazio	42.6384261	12.674297	41.9808038	12.766231199999998	Second Pandemic	1.PRE	1.PRE1	SAMEA7293136	KEEP: SRA Ancient	1	Europe	1350.0	671.0	50.0	41.9808038	12.766231199999998
SAMEA7293135	CHE1	[1500:1800]	[-521:-221]	Russia	Chechnya	64.6863136	97.7453061	43.397614700000005	45.6985005	Second Pandemic	1.PRE	1.PRE1	SAMEA7293135	KEEP: SRA Ancient	1	Europe	1650.0	371.0	150.0	43.397614700000005	45.6985005
SAMEA6812877	GLZ002	[-2569:-2467]	[-4590:-4488]	Russia	Irkutsk Oblast	64.6863136	97.7453061	56.6370122	104.71922099999999	Bronze Age	0.PRE	0.PRE1	SAMEA6812877	KEEP: SRA Ancient	0	Europe	-2518.0	4539.0	51.0	56.6370122	104.71922099999999
SAMEA6812876	GLZ001	[-2838:-2495]	[-4859:-4516]	Russia	Irkutsk Oblast	64.6863136	97.7453061	56.6370122	104.71922099999999	Bronze Age	0.PRE	0.PRE1	SAMEA6812876	KEEP: SRA Ancient	0	Europe	-2666.5	4687.5	171.5	56.6370122	104.71922099999999
SAMEA7313236_38	Rostov2033	[1762:1773]	[-259:-248]	Russia	Rostov Oblast	64.6863136	97.7453061	47.6222451	40.7957942	Second Pandemic	1.PRE	1.PRE1	SAMEA7313236_38	KEEP: SRA Ancient Combined Record	1	Europe	1767.5	253.5	5.5	47.6222451	40.7957942
SAMEA7313243_45	Azov38	[1400:1700]	[-621:-321]	Russia	Rostov Oblast	64.6863136	97.7453061	47.6222451	40.7957942	Second Pandemic	1.PRE	1.PRE1	SAMEA7313243_45	KEEP: SRA Ancient Combined Record	1	Europe	1550.0	471.0	150.0	47.6222451	40.7957942
SAMEA7313246_49	Gdansk8	[1400:1700]	[-621:-321]	Poland	Pomeranian Voivodeship	52.215933	19.134422	54.24556	18.1099	Second Pandemic	1.PRE	1.PRE1	SAMEA7313246_49	KEEP: SRA Ancient Combined Record	1	Europe	1550.0	471.0	150.0	54.24556	18.1099
SAMEA6651390	AGU010	[1435:1477]	[-586:-544]	Lithuania	Vilnius County	55.350000300000005	23.7499997	54.82269205	25.249534001679518	Second Pandemic	1.PRE	1.PRE1	SAMEA6651390	KEEP: SRA Ancient	1	Europe	1456.0	565.0	21.0	54.82269205	25.249534001679518
SAMEA6637002	AGU007B	[1463:1632]	[-558:-389]	Lithuania	Vilnius County	55.350000300000005	23.7499997	54.82269205	25.249534001679518	Second Pandemic	1.PRE	1.PRE1	SAMEA6637002	KEEP: SRA Ancient	1	Europe	1547.5	473.5	84.5	54.82269205	25.249534001679518
