sample	strain	date	date_bp	country	province	country_lat	country_lon	province_lat	province_lon	biovar	branch_major	branch_minor	biosample_accession	biosample_comment	branch_number	continent	date_mean	date_bp_mean	date_err	lat	lon	host_human	branch_major_color	geometry_size	geometry	root_rtt_dist	clade_rtt_dist	branch_length	branch_length_sub	node_type	branch_support	branch_support_conf_category	branch_support_conf_char	country_date_strain	province_date_strain	rate	rate_hpd	rate_sub	rate_sub_year	height	height_hpd	timetree_num_date	timetree_num_date_confidence	continuous_geo	continuous_geo_coord	continuous_geo_lat	continuous_geo_lon
SAMEA5818830	STN021	[1485:1635]	[-536:-386]	Switzerland	Nidwalden	46.7985624	8.231973599999998	46.942756	8.4119773	Second Pandemic	1.PRE	1.PRE1	SAMEA5818830	KEEP: SRA Ancient	1.0	Europe	1560.0	461.0	75.0	46.942756	8.4119773	Human	#8000ff	8.0	POINT (8.4119773 46.942756)	1.21946e-05	1.21946e-05	4.699373783096718	0.8070497860931108	terminal	0.0	LOW		Switzerland [1485:1635] STN021	Nidwalden [1485:1635] STN021	4.0030059930430895e-08	[2.7895423299167187e-09, 9.724170060189984e-08]	4.0030059930430895e-08	0.171735602091497	237.69898289362786	[172.2302786764335, 320.8567069106599]	1568	[1485, 1633]	NA	['NA', 'NA']	NA	NA
SAMEA5818829	STN020	[1485:1635]	[-536:-386]	Switzerland	Nidwalden	46.7985624	8.231973599999998	46.942756	8.4119773	Second Pandemic	1.PRE	1.PRE1	SAMEA5818829	KEEP: SRA Ancient	1.0	Europe	1560.0	461.0	75.0	46.942756	8.4119773	Human	#8000ff	8.0	POINT (8.4119773 46.942756)	1.1938199999999999e-05	1.1938199999999999e-05	11.803908484527057	2.03941637235006	terminal	0.0	LOW		Switzerland [1485:1635] STN020	Nidwalden [1485:1635] STN020	4.0272257120132146e-08	[1.2084644048660034e-09, 9.501664551443427e-08]	4.0272257120132146e-08	0.17277466824004883	245.93613907426615	[180.05505350951182, 327.53466125263174]	1560	[1478, 1626]	NA	['NA', 'NA']	NA	NA
SAMEA5818828	STN019	[1485:1635]	[-536:-386]	Switzerland	Nidwalden	46.7985624	8.231973599999998	46.942756	8.4119773	Second Pandemic	1.PRE	1.PRE1	SAMEA5818828	KEEP: SRA Ancient	1.0	Europe	1560.0	461.0	75.0	46.942756	8.4119773	Human	#8000ff	8.0	POINT (8.4119773 46.942756)	1.20081e-05	1.20081e-05	11.597621587178423	2.0408958923285097	terminal	0.0	LOW		Switzerland [1485:1635] STN019	Nidwalden [1485:1635] STN019	4.101831544019355e-08	[1.6884386593925476e-09, 9.750988437599068e-08]	4.101831544019355e-08	0.1759753822787934	246.11565856344146	[181.6098172292643, 328.5680990974853]	1560	[1477, 1624]	NA	['NA', 'NA']	NA	NA
SAMEA5818826	STN014	[1485:1635]	[-536:-386]	Switzerland	Nidwalden	46.7985624	8.231973599999998	46.942756	8.4119773	Second Pandemic	1.PRE	1.PRE1	SAMEA5818826	KEEP: SRA Ancient	1.0	Europe	1560.0	461.0	75.0	46.942756	8.4119773	Human	#8000ff	8.0	POINT (8.4119773 46.942756)	1.19003e-05	1.19003e-05	10.27937399746068	1.8067143953126774	terminal	0.0	LOW		Switzerland [1485:1635] STN014	Nidwalden [1485:1635] STN014	4.096837524860393e-08	[1.8909729151808804e-09, 9.956761157685464e-08]	4.096837524860393e-08	0.17576113056680212	247.46067356133253	[183.03436053134095, 331.7023619277743]	1558	[1474, 1623]	NA	['NA', 'NA']	NA	NA
SAMEA5818825	STN013	[1485:1635]	[-536:-386]	Switzerland	Nidwalden	46.7985624	8.231973599999998	46.942756	8.4119773	Second Pandemic	1.PRE	1.PRE1	SAMEA5818825	KEEP: SRA Ancient	1.0	Europe	1560.0	461.0	75.0	46.942756	8.4119773	Human	#8000ff	8.0	POINT (8.4119773 46.942756)	1.2404400000000001e-05	1.2404400000000001e-05	8.608244439835545	1.703586241600598	terminal	0.0	LOW		Switzerland [1485:1635] STN013	Nidwalden [1485:1635] STN013	4.612914834222023e-08	[3.052159487609192e-09, 1.0989483500193903e-07]	4.612914834222023e-08	0.1979017038267496	233.79011223688903	[170.11192431228056, 319.9122117845398]	1572	[1486, 1636]	NA	['NA', 'NA']	NA	NA
SAMEA5818822	STN008	[1485:1635]	[-536:-386]	Switzerland	Nidwalden	46.7985624	8.231973599999998	46.942756	8.4119773	Second Pandemic	1.PRE	1.PRE1	SAMEA5818822	KEEP: SRA Ancient	1.0	Europe	1560.0	461.0	75.0	46.942756	8.4119773	Human	#8000ff	8.0	POINT (8.4119773 46.942756)	1.27904e-05	1.27904e-05	28.277065349699512	7.356217141690038	terminal	0.0	LOW		Switzerland [1485:1635] STN008	Nidwalden [1485:1635] STN008	6.063817304726586e-08	[7.071294470007741e-09, 1.3975476824415206e-07]	6.063817304726586e-08	0.2601478283094964	235.06476287371157	[166.9068108744524, 321.7283763675628]	1571	[1484, 1639]	NA	['NA', 'NA']	NA	NA
SAMEA5818821	STN007	[1485:1635]	[-536:-386]	Switzerland	Nidwalden	46.7985624	8.231973599999998	46.942756	8.4119773	Second Pandemic	1.PRE	1.PRE1	SAMEA5818821	KEEP: SRA Ancient	1.0	Europe	1560.0	461.0	75.0	46.942756	8.4119773	Human	#8000ff	8.0	POINT (8.4119773 46.942756)	1.21946e-05	1.21946e-05	14.66715687110647	2.9746745858154466	terminal	0.0	LOW		Switzerland [1485:1635] STN007	Nidwalden [1485:1635] STN007	4.727368199050709e-08	[3.643150725661491e-09, 1.1165953108638349e-07]	4.727368199050709e-08	0.20281194317048584	243.0461232795134	[176.55577845035089, 326.8304287818472]	1563	[1479, 1629]	NA	['NA', 'NA']	NA	NA
SAMEA5818818	STN002	[1485:1635]	[-536:-386]	Switzerland	Nidwalden	46.7985624	8.231973599999998	46.942756	8.4119773	Second Pandemic	1.PRE	1.PRE1	SAMEA5818818	KEEP: SRA Ancient	1.0	Europe	1560.0	461.0	75.0	46.942756	8.4119773	Human	#8000ff	8.0	POINT (8.4119773 46.942756)	1.20579e-05	1.20579e-05	18.574981087435276	3.5793181871542377	terminal	0.0	LOW		Switzerland [1485:1635] STN002	Nidwalden [1485:1635] STN002	4.491566460317813e-08	[3.0200911138855654e-09, 1.0879428287254058e-07]	4.491566460317813e-08	0.1926956571479583	240.93568899333246	[175.90106721973086, 324.10999832206414]	1565	[1482, 1630]	NA	['NA', 'NA']	NA	NA
SAMEA5818817	STA001	[1420:1630]	[-601:-391]	Germany	Bavaria	51.0834196	10.4234469	48.9467562	11.4038717	Second Pandemic	1.PRE	1.PRE1	SAMEA5818817	KEEP: SRA Ancient	1.0	Europe	1525.0	496.0	105.0	48.9467562	11.4038717	Human	#8000ff	4.0	POINT (11.4038717 48.9467562)	5.6598000000000004e-06	5.6598000000000004e-06	46.026430460199435	10.50260025321516	terminal	0.0	LOW		Germany [1420:1630] STA001	Bavaria [1420:1630] STA001	5.3188218503152066e-08	[8.088697183461412e-09, 1.1658630677675716e-07]	5.3188218503152066e-08	0.2281862866227939	373.0809927403445	[297.0317065143613, 464.5646006038198]	1433	[1341, 1509]	NA	['NA', 'NA']	NA	NA
SAMEA5818815	NMS002	[1475:1536]	[-546:-485]	England	East of England	52.5310214	-1.2649062	52.2199774	0.4875777469166293	Second Pandemic	1.PRE	1.PRE1	SAMEA5818815	KEEP: SRA Ancient	1.0	Europe	1505.5	515.5	30.5	52.2199774	0.4875777469166293	Human	#8000ff	1.0	POINT (0.4875777469166293 52.2199774)	9.310900000000001e-06	9.310900000000001e-06	49.393648455255914	13.013517417043767	terminal	0.0	LOW		England [1475:1536] NMS002	East of England [1475:1536] NMS002	6.141147018633477e-08	[1.636641780118177e-08, 1.200041605223027e-07]	6.141147018633477e-08	0.2634654014034271	314.970377251176	[250.24523384745908, 398.74778849328993]	1491	[1407, 1555]	NA	['NA', 'NA']	NA	NA
SAMEA5818811	NAB003	[1292:1392]	[-729:-629]	Germany	Bavaria	51.0834196	10.4234469	48.9467562	11.4038717	Second Pandemic	1.PRE	1.PRE1	SAMEA5818811	KEEP: SRA Ancient	1.0	Europe	1342.0	679.0	50.0	48.9467562	11.4038717	Human	#8000ff	4.0	POINT (11.4038717 48.9467562)	3.41e-07	3.41e-07	14.611126580913606	2.5172419902475003	terminal	0.0	LOW		Germany [1292:1392] NAB003	Bavaria [1292:1392] NAB003	4.0157546201812954e-08	[9.776437837304587e-10, 9.493479268232339e-08]	4.0157546201812954e-08	0.17228253935844706	473.68785202152173	[408.670846430569, 552.5562341577931]	1332	[1253, 1397]	NA	['NA', 'NA']	NA	NA
SAMEA5818809	MAN008	[1283:1390]	[-738:-631]	Germany	Bavaria	51.0834196	10.4234469	48.9467562	11.4038717	Second Pandemic	1.PRE	1.PRE1	SAMEA5818809	KEEP: SRA Ancient	1.0	Europe	1336.5	684.5	53.5	48.9467562	11.4038717	Human	#8000ff	4.0	POINT (11.4038717 48.9467562)	3.3289e-06	3.3289e-06	21.734562663159693	9.27856703760811	terminal	0.0	LOW		Germany [1283:1390] MAN008	Bavaria [1283:1390] MAN008	9.950752108041018e-08	[1.8090058680426583e-08, 2.1674037734645377e-07]	9.950752108041018e-08	0.426903783683459	437.9710591023003	[367.8893354046792, 518.439978083497]	1368	[1287, 1438]	NA	['NA', 'NA']	NA	NA
SAMEA5818808	LBG002	[1455:1632]	[-566:-389]	Germany	Bavaria	51.0834196	10.4234469	48.9467562	11.4038717	Second Pandemic	1.PRE	1.PRE1	SAMEA5818808	KEEP: SRA Ancient	1.0	Europe	1543.5	477.5	88.5	48.9467562	11.4038717	Human	#8000ff	4.0	POINT (11.4038717 48.9467562)	1.21154e-05	1.21154e-05	27.363051766336525	9.005929932373288	terminal	0.0	LOW		Germany [1455:1632] LBG002	Bavaria [1455:1632] LBG002	7.671670384354334e-08	[1.3559905143721366e-08, 1.7206649819157784e-07]	7.671670384354334e-08	0.32912739446163897	274.0407857958965	[204.42851973467663, 359.7554712830934]	1532	[1446, 1601]	NA	['NA', 'NA']	NA	NA
SAMEA5818806	LAI009	[1300:1400]	[-721:-621]	Russia	Tatarstan	64.6863136	97.7453061	55.44821700000001	50.4763591	Second Pandemic	1.PRE	1.PRE0	SAMEA5818806	KEEP: SRA Ancient Placement	1.0	Europe	1350.0	671.0	50.0	55.44821700000001	50.4763591	Human	#8000ff	2.0	POINT (50.4763591 55.44821700000001)	2.33e-08	2.33e-08	15.215648704971215	2.294273580153261	terminal	0.0	LOW		Russia [1300:1400] LAI009	Tatarstan [1300:1400] LAI009	3.514638276505324e-08	[1.736834927828833e-09, 8.697300733036914e-08]	3.514638276505324e-08	0.1507838163616174	495.1014510227364	[429.1107743284981, 576.1890664332961]	1311	[1229, 1377]	NA	['NA', 'NA']	NA	NA
SAMEA5818805	ELW098	[1485:1627]	[-536:-394]	Germany	Baden-Württemberg	51.0834196	10.4234469	48.5908946	9.0399498	Second Pandemic	1.PRE	1.PRE1	SAMEA5818805	KEEP: SRA Ancient	1.0	Europe	1556.0	465.0	71.0	48.5908946	9.0399498	Human	#8000ff	1.0	POINT (9.0399498 48.5908946)	7.941300000000001e-06	7.941300000000001e-06	18.99645116021918	3.601226986249867	terminal	0.0	LOW		Germany [1485:1627] ELW098	Baden-Württemberg [1485:1627] ELW098	4.4187957109788984e-08	[2.9946091781228546e-09, 1.067131670211714e-07]	4.4187957109788984e-08	0.18957367120187496	319.423041832474	[250.29931373152726, 410.4892254736854]	1486	[1395, 1555]	NA	['NA', 'NA']	NA	NA
SAMEA5818803	BRA001	[1618:1648]	[-403:-373]	Germany	Brandenburg	51.0834196	10.4234469	52.84554920000001	13.2461296	Second Pandemic	1.PRE	1.PRE1	SAMEA5818803	KEEP: SRA Ancient	1.0	Europe	1633.0	388.0	15.0	52.84554920000001	13.2461296	Human	#8000ff	1.0	POINT (13.2461296 52.84554920000001)	1.43961e-05	1.43961e-05	69.29124446673359	11.625730483264302	terminal	0.0	LOW		Germany [1618:1648] BRA001	Brandenburg [1618:1648] BRA001	3.910819685199788e-08	[8.386399212176343e-09, 7.587305126836027e-08]	3.910819685199788e-08	0.16778065645574836	174.50703285076537	[121.03143685654544, 252.0057664544085]	1631	[1554, 1685]	NA	['NA', 'NA']	NA	NA
SAMEA5818801	BED034	[1560:1635]	[-461:-386]	England	Greater London	52.5310214	-1.2649062	51.4893335	-0.14405508452768728	Second Pandemic	1.PRE	1.PRE1	SAMEA5818801	KEEP: SRA Ancient	1.0	Europe	1597.5	423.5	37.5	51.4893335	-0.14405508452768728	Human	#8000ff	5.0	POINT (-0.1440550845276873 51.4893335)	2.4014200000000005e-05	2.4014200000000005e-05	6.853856952845916	1.1951068359502526	terminal	0.0	LOW		England [1560:1635] BED034	Greater London [1560:1635] BED034	4.064410810338933e-08	[2.0578119070039386e-09, 9.963219513487763e-08]	4.064410810338933e-08	0.17436997068548538	203.04626817042552	[144.21160456915328, 283.65473610647115]	1603	[1522, 1661]	NA	['NA', 'NA']	NA	NA
SAMEA5818800	BED030	[1560:1635]	[-461:-386]	England	Greater London	52.5310214	-1.2649062	51.4893335	-0.14405508452768728	Second Pandemic	1.PRE	1.PRE1	SAMEA5818800	KEEP: SRA Ancient	1.0	Europe	1597.5	423.5	37.5	51.4893335	-0.14405508452768728	Human	#8000ff	5.0	POINT (-0.1440550845276873 51.4893335)	2.3239600000000007e-05	2.3239600000000007e-05	12.269053060906828	1.9758387317186732	terminal	0.0	LOW		England [1560:1635] BED030	Greater London [1560:1635] BED030	3.753758711490347e-08	[1.1659059385462306e-09, 8.889796102530206e-08]	3.753758711490347e-08	0.16104247996239698	220.696863627423	[160.96066561567613, 301.52048758970295]	1585	[1504, 1645]	NA	['NA', 'NA']	NA	NA
SAMEA5818799	BED028	[1560:1635]	[-461:-386]	England	Greater London	52.5310214	-1.2649062	51.4893335	-0.14405508452768728	Second Pandemic	1.PRE	1.PRE1	SAMEA5818799	KEEP: SRA Ancient	1.0	Europe	1597.5	423.5	37.5	51.4893335	-0.14405508452768728	Human	#8000ff	5.0	POINT (-0.1440550845276873 51.4893335)	2.4271000000000005e-05	2.4271000000000005e-05	12.744481354315951	2.583472383056043	terminal	0.0	LOW		England [1560:1635] BED028	Greater London [1560:1635] BED028	4.7250625320624384e-08	[2.3825486143453738e-09, 1.1243764714098393e-07]	4.7250625320624384e-08	0.20271302622928183	197.15564376895549	[137.74078803325915, 278.09166032492635]	1609	[1528, 1668]	NA	['NA', 'NA']	NA	NA
SAMEA5818798	BED024	[1560:1635]	[-461:-386]	England	Greater London	52.5310214	-1.2649062	51.4893335	-0.14405508452768728	Second Pandemic	1.PRE	1.PRE1	SAMEA5818798	KEEP: SRA Ancient	1.0	Europe	1597.5	423.5	37.5	51.4893335	-0.14405508452768728	Human	#8000ff	5.0	POINT (-0.1440550845276873 51.4893335)	2.4480400000000007e-05	2.4480400000000007e-05	15.926737780660943	3.6212737506822705	terminal	0.0	LOW		England [1560:1635] BED024	Greater London [1560:1635] BED024	5.2998115834091676e-08	[4.674824664536689e-09, 1.2225207557887537e-07]	5.2998115834091676e-08	0.22737071461548175	197.45344981579728	[135.60968698439837, 277.81858763409485]	1608	[1528, 1670]	NA	['NA', 'NA']	NA	NA
SAMEA5054093	SLC1006	[1279:1389]	[-742:-632]	France	Occitanie	46.603353999999996	1.8883334999999999	43.64878510000001	2.3435683999999997	Second Pandemic	1.PRE	1.PRE1	SAMEA5054093	KEEP: SRA Ancient	1.0	Europe	1334.0	687.0	55.0	43.64878510000001	2.3435683999999997	Human	#8000ff	1.0	POINT (2.3435684 43.64878510000001)	2.3561e-06	2.3561e-06	36.63233930808883	13.097382445358162	terminal	0.0	LOW		France [1279:1389] SLC1006	Occitanie [1279:1389] SLC1006	8.33385153229512e-08	[1.3994943409036191e-08, 1.9088009696668856e-07]	8.33385153229512e-08	0.35753606492900425	464.14464239316715	[398.8733057250891, 551.3651143384585]	1342	[1254, 1407]	NA	['NA', 'NA']	NA	NA
SAMEA5054092	OSL1	[1270:1390]	[-751:-631]	Norway	Oslo	60.5000209	9.099971499999999	59.913330099999996	10.7389701	Second Pandemic	1.PRE	1.PRE1	SAMEA5054092	KEEP: SRA Ancient	1.0	Europe	1330.0	691.0	60.0	59.913330099999996	10.7389701	Human	#8000ff	1.0	POINT (10.7389701 59.9133301)	9.937000000000001e-07	9.937000000000001e-07	21.137902495660455	5.185519496961014	terminal	0.0	LOW		Norway [1270:1390] OSL1	Oslo [1270:1390] OSL1	5.718159753850569e-08	[6.057756179879732e-09, 1.3329932965824694e-07]	5.718159753850569e-08	0.2453185455853808	473.32606559883993	[405.87221346395864, 554.0992188061464]	1332	[1252, 1400]	NA	['NA', 'NA']	NA	NA
SAMEA5054090	Ber45	[1300:1400]	[-721:-621]	The Netherlands	North Brabant	52.500169799999995	5.7480820999999995	51.6017723	5.444139099999999	Second Pandemic	1.PRE	1.PRE2	SAMEA5054090	KEEP: SRA Ancient Placement	1.0	Europe	1350.0	671.0	50.0	51.6017723	5.444139099999999	Human	#8000ff	2.0	POINT (5.444139099999999 51.6017723)	2.1815e-06	2.1815e-06	16.414599023598328	5.23046762881597	terminal	0.0	LOW		The Netherlands [1300:1400] Ber45	North Brabant [1300:1400] Ber45	7.427388547053797e-08	[1.3902903182386226e-08, 1.6855965578393017e-07]	7.427388547053797e-08	0.318647298133596	426.49142599749996	[362.4674487393593, 505.11108747008063]	1379	[1301, 1443]	NA	['NA', 'NA']	NA	NA
SAMEA5054089	Ber37	[1300:1400]	[-721:-621]	The Netherlands	North Brabant	52.500169799999995	5.7480820999999995	51.6017723	5.444139099999999	Second Pandemic	1.PRE	1.PRE2	SAMEA5054089	KEEP: SRA Ancient	1.0	Europe	1350.0	671.0	50.0	51.6017723	5.444139099999999	Human	#8000ff	2.0	POINT (5.444139099999999 51.6017723)	2.6795000000000003e-06	2.6795000000000003e-06	18.268046830636308	6.317949645463087	terminal	0.0	LOW		The Netherlands [1300:1400] Ber37	North Brabant [1300:1400] Ber37	8.061390277436302e-08	[1.3178473000956673e-08, 1.865238204519538e-07]	8.061390277436302e-08	0.34584702480987795	435.20787277724395	[372.39449511877075, 516.6432428050081]	1370	[1289, 1433]	NA	['NA', 'NA']	NA	NA
SAMEA3937654	BolgarCity2370	[1362:1400]	[-659:-621]	Russia	Tatarstan	64.6863136	97.7453061	55.44821700000001	50.4763591	Second Pandemic	1.PRE	1.PRE3	SAMEA3937654	KEEP: SRA Ancient Placement	1.0	Europe	1381.0	640.0	19.0	55.44821700000001	50.4763591	Human	#8000ff	2.0	POINT (50.4763591 55.44821700000001)	1.6921e-06	1.6921e-06	16.457218951051345	3.4866989729843882	terminal	0.0	LOW		Russia [1362:1400] BolgarCity2370	Tatarstan [1362:1400] BolgarCity2370	4.9383732324777977e-08	[5.333827606226833e-09, 1.1257485179699273e-07]	4.9383732324777977e-08	0.21186440937286344	426.44880607004694	[370.82027316642547, 504.1313564827725]	1379	[1302, 1435]	NA	['NA', 'NA']	NA	NA
SAMEA3937653	Barcelona3031	[1300:1420]	[-721:-601]	Spain	Catalonia	39.3260685	-4.8379791	41.852309399999996	1.5745042999999999	Second Pandemic	1.PRE	1.PRE1	SAMEA3937653	KEEP: SRA Ancient	1.0	Europe	1360.0	661.0	60.0	41.852309399999996	1.5745042999999999	Human	#8000ff	1.0	POINT (1.5745043 41.8523094)	6.614e-07	6.614e-07	14.59092285229201	2.722061105167504	terminal	0.0	LOW		Spain [1300:1420] Barcelona3031	Catalonia [1300:1420] Barcelona3031	4.348515397185131e-08	[2.880909735846668e-09, 1.0485601798192889e-07]	4.348515397185131e-08	0.18655852907480147	470.46290111628866	[402.6224958118771, 551.953298841405]	1335	[1254, 1403]	NA	['NA', 'NA']	NA	NA
SAMEA3713715	OBS137	1721.0	-300	France	Provence-Alpes-Côte d'Azur	46.603353999999996	1.8883334999999999	44.0580563	6.063850599999999	Second Pandemic	1.PRE	1.PRE1	SAMEA3713715	KEEP: SRA Ancient Placement	1.0	Europe	1721.0	300.0	0.0	44.0580563	6.063850599999999	Human	#8000ff	5.0	POINT (6.063850599999999 44.0580563)	2.8354100000000007e-05	2.8354100000000007e-05	17.861955224600422	2.3249488119211286	terminal	0.0	LOW		France 1721.0 OBS137	Provence-Alpes-Côte d'Azur 1721.0 OBS137	3.033963155730285e-08	[2.9387662157699446e-09, 6.546668818008981e-08]	3.033963155730285e-08	0.13016205575966774	84.67980188139886	[40.14551467925429, 157.8907085439705]	1721	[1648, 1766]	NA	['NA', 'NA']	NA	NA
SAMEA3713714	OBS124	1721.0	-300	France	Provence-Alpes-Côte d'Azur	46.603353999999996	1.8883334999999999	44.0580563	6.063850599999999	Second Pandemic	1.PRE	1.PRE1	SAMEA3713714	KEEP: SRA Ancient	1.0	Europe	1721.0	300.0	0.0	44.0580563	6.063850599999999	Human	#8000ff	5.0	POINT (6.063850599999999 44.0580563)	2.8633800000000007e-05	2.8633800000000007e-05	4.522416935462402	0.8102207771701465	terminal	0.0	LOW		France 1721.0 OBS124	Provence-Alpes-Côte d'Azur 1721.0 OBS124	4.1759826001622044e-08	[2.5067727962116887e-09, 9.937418943775713e-08]	4.1759826001622044e-08	0.17915658567807483	84.67980188139886	[40.14551467925429, 157.89070854397056]	1721	[1648, 1766]	NA	['NA', 'NA']	NA	NA
SAMEA3713713	OBS116	1721.0	-300	France	Provence-Alpes-Côte d'Azur	46.603353999999996	1.8883334999999999	44.0580563	6.063850599999999	Second Pandemic	1.PRE	1.PRE1	SAMEA3713713	KEEP: SRA Ancient	1.0	Europe	1721.0	300.0	0.0	44.0580563	6.063850599999999	Human	#8000ff	5.0	POINT (6.063850599999999 44.0580563)	2.90767e-05	2.90767e-05	8.264891865732793	2.38184244910983	terminal	0.0	LOW		France 1721.0 OBS116	Provence-Alpes-Côte d'Azur 1721.0 OBS116	6.717408483643227e-08	[7.279195165581565e-09, 1.5477862043722352e-07]	6.717408483643227e-08	0.28818797484637726	84.67980188139886	[40.14551467925429, 157.8907085439705]	1721	[1648, 1766]	NA	['NA', 'NA']	NA	NA
SAMEA3713712	OBS110	1721.0	-300	France	Provence-Alpes-Côte d'Azur	46.603353999999996	1.8883334999999999	44.0580563	6.063850599999999	Second Pandemic	1.PRE	1.PRE1	SAMEA3713712	KEEP: SRA Ancient	1.0	Europe	1721.0	300.0	0.0	44.0580563	6.063850599999999	Human	#8000ff	5.0	POINT (6.063850599999999 44.0580563)	2.8843600000000006e-05	2.8843600000000006e-05	7.255648096074964	1.608168500427574	terminal	0.0	LOW		France 1721.0 OBS110	Provence-Alpes-Côte d'Azur 1721.0 OBS110	5.166319295909782e-08	[4.6322535505570965e-09, 1.2014517384695792e-07]	5.166319295909782e-08	0.22164367388456085	84.67980188139886	[40.14551467925429, 157.89070854397056]	1721	[1648, 1766]	NA	['NA', 'NA']	NA	NA
SAMEA3713711	OBS107	1721.0	-300	France	Provence-Alpes-Côte d'Azur	46.603353999999996	1.8883334999999999	44.0580563	6.063850599999999	Second Pandemic	1.PRE	1.PRE1	SAMEA3713711	KEEP: SRA Ancient	1.0	Europe	1721.0	300.0	0.0	44.0580563	6.063850599999999	Human	#8000ff	5.0	POINT (6.063850599999999 44.0580563)	2.8843600000000006e-05	2.8843600000000006e-05	4.522416935462402	0.9969390461302479	terminal	0.0	LOW		France 1721.0 OBS107	Provence-Alpes-Côte d'Azur 1721.0 OBS107	5.138352690242041e-08	[2.6761033556784284e-09, 1.2161555742934613e-07]	5.138352690242041e-08	0.22044386007684938	84.67980188139886	[40.14551467925429, 157.89070854397056]	1721	[1648, 1766]	NA	['NA', 'NA']	NA	NA
SAMN00715800	8291	1349.0	-672	England	Greater London	52.5310214	-1.2649062	51.4893335	-0.14405508452768728	Second Pandemic	1.PRE	1.PRE1	SAMN00715800	KEEP: SRA Ancient	1.0	Europe	1349.0	672.0	0.0	51.4893335	-0.14405508452768728	Human	#8000ff	5.0	POINT (-0.1440550845276873 51.4893335)	4.808999999999999e-07	4.808999999999999e-07	28.37402208718339	4.300918590529058	terminal	0.0	LOW		England 1349.0 8291	Greater London 1349.0 8291	3.533183738620848e-08	[2.5985261184104176e-09, 8.352876795495397e-08]	3.533183738620848e-08	0.15157944747184052	456.6798018813973	[412.1455146792543, 529.8907085439705]	1349	[1276, 1394]	NA	['NA', 'NA']	NA	NA
SAMEA7293136	COL001	[1300:1400]	[-721:-621]	Italy	Lazio	42.6384261	12.674297	41.9808038	12.766231199999998	Second Pandemic	1.PRE	1.PRE1	SAMEA7293136	KEEP: SRA Ancient	1.0	Europe	1350.0	671.0	50.0	41.9808038	12.766231199999998	Human	#8000ff	1.0	POINT (12.7662312 41.9808038)	2.1887e-06	2.1887e-06	17.788688693609288	5.4298324771771105	terminal	0.0	LOW		Italy [1300:1400] COL001	Lazio [1300:1400] COL001	7.114893425819679e-08	[7.977813503912351e-09, 1.5949638274046966e-07]	7.114893425819679e-08	0.3052407386907511	451.20539494257923	[382.8146881480445, 534.8174399796408]	1354	[1271, 1423]	NA	['NA', 'NA']	NA	NA
SAMEA7293135	CHE1	[1500:1800]	[-521:-221]	Russia	Chechnya	64.6863136	97.7453061	43.39761470000001	45.6985005	Second Pandemic	1.PRE	1.PRE1	SAMEA7293135	KEEP: SRA Ancient	1.0	Europe	1650.0	371.0	150.0	43.39761470000001	45.6985005	Human	#8000ff	1.0	POINT (45.6985005 43.39761470000001)	3.9934899999999996e-05	3.9934899999999996e-05	98.18379172197078	58.60008103624247	terminal	0.0	LOW		Russia [1500:1800] CHE1	Chechnya [1500:1800] CHE1	1.3911831854592947e-07	[3.581936185693182e-08, 3.0810190928574715e-07]	1.3911831854592947e-07	0.596840680202916	7.011204227131933	[0.0, 45.765532922549596]	1799	[1760, 1806]	NA	['NA', 'NA']	NA	NA
SAMEA7313236_38	Rostov2033	[1762:1773]	[-259:-248]	Russia	Rostov Oblast	64.6863136	97.7453061	47.6222451	40.7957942	Second Pandemic	1.PRE	1.PRE1	SAMEA7313236_38	KEEP: SRA Ancient Combined Record	1.0	Europe	1767.5	253.5	5.5	47.6222451	40.7957942	Human	#8000ff	2.0	POINT (40.7957942 47.6222451)	3.3594200000000004e-05	3.3594200000000004e-05	67.1145486150515	24.289215557603246	terminal	0.0	LOW		Russia [1762:1773] Rostov2033	Rostov Oblast [1762:1773] Rostov2033	8.435730927879878e-08	[3.019302042336679e-08, 1.5585686905042712e-07]	8.435730927879878e-08	0.36190686011938705	38.0804473340512	[0.0, 111.04735509614437]	1768	[1695, 1806]	NA	['NA', 'NA']	NA	NA
SAMEA7313243_45	Azov38	[1400:1700]	[-621:-321]	Russia	Rostov Oblast	64.6863136	97.7453061	47.6222451	40.7957942	Second Pandemic	1.PRE	1.PRE1	SAMEA7313243_45	KEEP: SRA Ancient Combined Record	1.0	Europe	1550.0	471.0	150.0	47.6222451	40.7957942	Human	#8000ff	2.0	POINT (40.7957942 47.6222451)	2.5719400000000007e-05	2.5719400000000007e-05	24.644892134491613	6.315675901450674	terminal	0.0	LOW		Russia [1400:1700] Azov38	Rostov Oblast [1400:1700] Azov38	5.973361755033107e-08	[5.967607555212016e-09, 1.371948459517942e-07]	5.973361755033107e-08	0.2562671350714336	180.4117562095619	[85.77400917109645, 277.25897892652165]	1625	[1528, 1720]	NA	['NA', 'NA']	NA	NA
SAMEA7313246_49	Gdansk8	[1400:1700]	[-621:-321]	Poland	Pomeranian Voivodeship	52.215933	19.134422	54.24556	18.1099	Second Pandemic	1.PRE	1.PRE1	SAMEA7313246_49	KEEP: SRA Ancient Combined Record	1.0	Europe	1550.0	471.0	150.0	54.24556	18.1099	Human	#8000ff	1.0	POINT (18.1099 54.24556)	7.9413e-06	7.9413e-06	11.854889128506727	2.332159899615662	terminal	0.0	LOW		Poland [1400:1700] Gdansk8	Pomeranian Voivodeship [1400:1700] Gdansk8	4.585500342497519e-08	[3.3982563201426555e-09, 1.0946106913343063e-07]	4.585500342497519e-08	0.19672557662371212	315.63026788073535	[241.8865444281414, 403.01159280751807]	1490	[1403, 1564]	NA	['NA', 'NA']	NA	NA
SAMEA6651390	AGU010	[1435:1477]	[-586:-544]	Lithuania	Vilnius County	55.35000030000001	23.7499997	54.82269205	25.24953400167952	Second Pandemic	1.PRE	1.PRE1	SAMEA6651390	KEEP: SRA Ancient	1.0	Europe	1456.0	565.0	21.0	54.82269205	25.24953400167952	Human	#8000ff	3.0	POINT (25.24953400167952 54.82269205)	7.7315e-06	7.7315e-06	3.9834644764958966	0.7872023552220231	terminal	0.0	LOW		Lithuania [1435:1477] AGU010	Vilnius County [1435:1477] AGU010	4.6062906674469006e-08	[2.5714840689702106e-09, 1.124580881573185e-07]	4.6062906674469006e-08	0.19761751607598	330.6016415276312	[275.0760379321028, 408.3770342389383]	1475	[1397, 1531]	NA	['NA', 'NA']	NA	NA
SAMEA6637004	AGU025	[1441:1612]	[-580:-409]	Lithuania	Vilnius County	55.35000030000001	23.7499997	54.82269205	25.24953400167952	Second Pandemic	1.PRE	1.PRE1	SAMEA6637004	KEEP: SRA Ancient	1.0	Europe	1526.5	494.5	85.5	54.82269205	25.24953400167952	Human	#8000ff	3.0	POINT (25.24953400167952 54.82269205)	8.643900000000004e-06	8.643900000000004e-06	6.6708573185962905	1.1837758725172935	terminal	0.0	LOW		Lithuania [1441:1612] AGU025	Vilnius County [1441:1612] AGU025	4.1363162442139184e-08	[1.9600120722444926e-09, 9.951470925045658e-08]	4.1363162442139184e-08	0.1774548331617425	302.80795505411317	[233.3708351903362, 389.15945068556795]	1503	[1417, 1572]	NA	['NA', 'NA']	NA	NA
SAMEA6637002	AGU007B	[1463:1632]	[-558:-389]	Lithuania	Vilnius County	55.35000030000001	23.7499997	54.82269205	25.24953400167952	Second Pandemic	1.PRE	1.PRE1	SAMEA6637002	KEEP: SRA Ancient	1.0	Europe	1547.5	473.5	84.5	54.82269205	25.24953400167952	Human	#8000ff	3.0	POINT (25.24953400167952 54.82269205)	7.7315e-06	7.7315e-06	9.281005965278325	1.5706888962073202	terminal	0.0	LOW		Lithuania [1463:1632] AGU007B	Vilnius County [1463:1632] AGU007B	3.944763989626533e-08	[1.3950237960707128e-09, 9.387923696649542e-08]	3.944763989626533e-08	0.16923692346320104	318.20415104396375	[243.3598121042334, 402.7907068329274]	1487	[1403, 1562]	NA	['NA', 'NA']	NA	NA
D51	GrGC15	[1100:1560]	[-921:-461]	Denmark	Central Denmark Region	55.670249	10.333328300000002	56.23564835	9.234625027778005	Second Pandemic	1.PRE	1.PRE1	D51	KEEP: Local Ancient Denmark	1.0	Europe	1330.0	691.0	230.0	56.23564835	9.234625027778005	Human	#8000ff	4.0	POINT (9.234625027778005 56.23564835)	1.52052e-05	1.52052e-05	32.55063426311898	13.893647340544169	terminal	0.0	LOW		Denmark [1100:1560] GrGC15	Central Denmark Region [1100:1560] GrGC15	9.949075325003766e-08	[1.3386993692311411e-08, 2.206385797006026e-07]	9.949075325003766e-08	0.42683184690770104	211.24764305437998	[122.76237378156952, 310.59928545555397]	1594	[1495, 1683]	NA	['NA', 'NA']	NA	NA
D62	G25A	[1100:1560]	[-921:-461]	Denmark	Region of Southern Denmark	55.670249	10.333328300000002	55.37842625	9.13180637450161	Second Pandemic	1.PRE	1.PRE1	D62	KEEP: Local Ancient Denmark	1.0	Europe	1330.0	691.0	230.0	55.37842625	9.13180637450161	Human	#8000ff	5.0	POINT (9.131806374501609 55.37842625)	1.0752e-06	1.0752e-06	30.19354850381586	7.465627616406488	terminal	0.0	LOW		Denmark [1100:1560] G25A	Region of Southern Denmark [1100:1560] G25A	5.763390818635752e-08	[5.53007032567952e-09, 1.334142902788624e-07]	5.763390818635752e-08	0.2472590333482327	471.86954587163183	[402.6914348086336, 564.1281075111971]	1334	[1242, 1403]	NA	['NA', 'NA']	NA	NA
D71	G16	[1100:1560]	[-921:-461]	Denmark	Region of Southern Denmark	55.670249	10.333328300000002	55.37842625	9.13180637450161	Second Pandemic	1.PRE	1.PRE1	D71	KEEP: Local Ancient Denmark	1.0	Europe	1330.0	691.0	230.0	55.37842625	9.13180637450161	Human	#8000ff	5.0	POINT (9.131806374501609 55.37842625)	1.7248e-06	1.7248e-06	19.853893117664654	5.889324888666274	terminal	0.0	LOW		Denmark [1100:1560] G16	Region of Southern Denmark [1100:1560] G16	6.914260483596864e-08	[7.08426761204089e-09, 1.571829665191931e-07]	6.914260483596864e-08	0.29663325241870825	455.23745596728384	[382.66271767240636, 541.7865230976263]	1350	[1264, 1423]	NA	['NA', 'NA']	NA	NA
D72	G207	[1100:1560]	[-921:-461]	Denmark	Region of Southern Denmark	55.670249	10.333328300000002	55.37842625	9.13180637450161	Second Pandemic	1.PRE	1.PRE1	D72	KEEP: Local Ancient Denmark	1.0	Europe	1330.0	691.0	230.0	55.37842625	9.13180637450161	Human	#8000ff	5.0	POINT (9.131806374501609 55.37842625)	1.1157200000000002e-05	1.1157200000000002e-05	28.99370935212022	12.146519713479835	terminal	0.0	LOW		Denmark [1100:1560] G207	Region of Southern Denmark [1100:1560] G207	9.765038988642188e-08	[1.8439843863940507e-08, 2.1459785061886354e-07]	9.765038988642188e-08	0.418936382577471	292.5033111152379	[221.39779924273034, 379.15372560846356]	1513	[1427, 1584]	NA	['NA', 'NA']	NA	NA
D75	G861x1035	[1100:1560]	[-921:-461]	Denmark	Region of Southern Denmark	55.670249	10.333328300000002	55.37842625	9.13180637450161	Second Pandemic	1.PRE	1.PRE1	D75	KEEP: Local Ancient Denmark	1.0	Europe	1330.0	691.0	230.0	55.37842625	9.13180637450161	Human	#8000ff	5.0	POINT (9.131806374501609 55.37842625)	1.12633e-05	1.12633e-05	29.203898720467805	12.064746533868743	terminal	0.0	LOW		Denmark [1100:1560] G861x1035	Region of Southern Denmark [1100:1560] G861x1035	9.629489677800802e-08	[1.6711053065048547e-08, 2.0769843193791785e-07]	9.629489677800802e-08	0.41312109213051956	280.27491365224165	[207.92238228858236, 369.29542714375174]	1525	[1436, 1598]	NA	['NA', 'NA']	NA	NA
P187	A146x3011	[1100:1560]	[-921:-461]	Denmark	Central Denmark Region	55.670249	10.333328300000002	56.23564835	9.234625027778005	Second Pandemic	1.PRE	1.PRE1	P187	KEEP: Local Ancient Denmark	1.0	Europe	1330.0	691.0	230.0	56.23564835	9.234625027778005	Human	#8000ff	4.0	POINT (9.234625027778005 56.23564835)	6.9663e-06	6.9663e-06	21.844805093259367	5.94416233443246	terminal	0.0	LOW		Denmark [1100:1560] A146x3011	Central Denmark Region [1100:1560] A146x3011	6.342615588310827e-08	[7.353168298358207e-09, 1.4702221599353197e-07]	6.342615588310827e-08	0.2721087374804111	372.2620832806085	[298.29388686868293, 454.6119154168234]	1433	[1351, 1507]	NA	['NA', 'NA']	NA	NA
P212	G371	[1100:1560]	[-921:-461]	Denmark	Central Denmark Region	55.670249	10.333328300000002	56.23564835	9.234625027778005	Second Pandemic	1.PRE	1.PRE1	P212	KEEP: Local Ancient Denmark	1.0	Europe	1330.0	691.0	230.0	56.23564835	9.234625027778005	Human	#8000ff	4.0	POINT (9.234625027778005 56.23564835)	9.2985e-06	9.2985e-06	31.643459687967322	13.01882734960818	terminal	0.0	LOW		Denmark [1100:1560] G371	Central Denmark Region [1100:1560] G371	9.589894082549957e-08	[1.9033801977435873e-08, 2.0707301067924938e-07]	9.589894082549957e-08	0.4114223753655702	348.9603086053398	[282.01507058560145, 436.4563857271091]	1457	[1369, 1524]	NA	['NA', 'NA']	NA	NA
P387	A1480x1480	[1100:1560]	[-921:-461]	Denmark	Central Denmark Region	55.670249	10.333328300000002	56.23564835	9.234625027778005	Second Pandemic	1.PRE	1.PRE1	P387	KEEP: Local Ancient Denmark	1.0	Europe	1330.0	691.0	230.0	56.23564835	9.234625027778005	Human	#8000ff	4.0	POINT (9.234625027778005 56.23564835)	8.8612e-06	8.8612e-06	47.47245226690501	21.79978231153526	terminal	0.0	LOW		Denmark [1100:1560] A1480x1480	Central Denmark Region [1100:1560] A1480x1480	1.0703760760571747e-07	[2.6992949974131474e-08, 2.3134116051632506e-07]	1.0703760760571747e-07	0.4592091048713905	377.14714814716984	[303.161256048723, 466.946583689105]	1429	[1339, 1503]	NA	['NA', 'NA']	NA	NA
R36	G25Bx98	[1100:1560]	[-921:-461]	Denmark	Region of Southern Denmark	55.670249	10.333328300000002	55.37842625	9.13180637450161	Second Pandemic	1.PRE	1.PRE1	R36	KEEP: Local Ancient Denmark	1.0	Europe	1330.0	691.0	230.0	55.37842625	9.13180637450161	Human	#8000ff	5.0	POINT (9.131806374501609 55.37842625)	3.1276e-06	3.1276e-06	29.17455457930612	10.465813394992596	terminal	0.0	LOW		Denmark [1100:1560] G25Bx98	Region of Southern Denmark [1100:1560] G25Bx98	8.361701427776181e-08	[1.1883700759068446e-08, 1.8831915209198013e-07]	8.361701427776181e-08	0.3587308716759683	435.94656471896633	[357.8562715783014, 523.4786114769645]	1370	[1282, 1448]	NA	['NA', 'NA']	NA	NA
NODE0	NA	NA	NA	NA	NA	NA	NA	NA	NA	NA	NA	NA	NA	NA	NA	NA	NA	NA	NA	NA	NA	NA	NA	NA	NA	NA	NA	0.0	0.0	internal	100.0	HIGH	*	NA	NA	1.0	[0, 0]	1.0	0.0	510.3170997277076	[445.10195396339486, 590.4245971667607]	1295	[1215, 1361]	NA	['NA', 'NA']	NA	NA
NODE1	NA	NA	NA	NA	NA	NA	NA	NA	NA	NA	NA	NA	NA	NA	NA	NA	NA	NA	NA	NA	NA	NA	NA	NA	NA	NA	NA	8.254005352259924	1.4125225997798623	internal	100.0	HIGH	*	NA	NA	3.988931350757844e-08	[1.5679468629257726e-09, 9.538496771879171e-08]	3.988931350757844e-08	0.17113177657355377	502.0630943754477	[439.2632149753316, 580.2516075730002]	1304	[1225, 1366]	NA	['NA', 'NA']	NA	NA
NODE2	NA	NA	NA	NA	NA	NA	NA	NA	NA	NA	NA	NA	NA	NA	NA	NA	NA	NA	NA	NA	NA	NA	NA	NA	NA	NA	NA	1.2861126741917133	0.21308392230945541	internal	15.009443395178312	LOW		NA	NA	3.86186926480064e-08	[2.3909630141257587e-09, 9.306589299430238e-08]	3.86186926480064e-08	0.16568060216292702	500.1295551168744	[439.6727011113837, 581.3665314938514]	1306	[1224, 1366]	NA	['NA', 'NA']	NA	NA
NODE3	NA	NA	NA	NA	NA	NA	NA	NA	NA	NA	NA	NA	NA	NA	NA	NA	NA	NA	NA	NA	NA	NA	NA	NA	NA	NA	NA	1.0801401889207796	0.16408779947231203	internal	5.688256860348851	LOW		NA	NA	3.540968545374599e-08	[4.2940914971669664e-09, 8.660440148114186e-08]	3.540968545374599e-08	0.1519134286043556	496.42695038596077	[431.9419091120095, 568.798297839538]	1309	[1237, 1374]	NA	['NA', 'NA']	NA	NA
NODE4	NA	NA	NA	NA	NA	NA	NA	NA	NA	NA	NA	NA	NA	NA	NA	NA	NA	NA	NA	NA	NA	NA	NA	NA	NA	NA	NA	5.0497133532505245	0.6642690325300918	internal	4.610598822353072	LOW		NA	NA	3.066219093987545e-08	[1.641148085911315e-09, 6.899063331735769e-08]	3.066219093987545e-08	0.1315458890557617	483.87754155264173	[422.3889985129314, 561.8019558487695]	1322	[1244, 1383]	NA	['NA', 'NA']	NA	NA
NODE5	NA	NA	NA	NA	NA	NA	NA	NA	NA	NA	NA	NA	NA	NA	NA	NA	NA	NA	NA	NA	NA	NA	NA	NA	NA	NA	NA	9.593304190504	1.3948579044133773	internal	13.242973002999667	LOW		NA	NA	3.389125534332488e-08	[2.0776367430927272e-09, 8.08925428113106e-08]	3.389125534332488e-08	0.14539911137125072	471.1868025915447	[417.56590616192307, 545.9074360432702]	1334	[1260, 1388]	NA	['NA', 'NA']	NA	NA
NODE6	NA	NA	NA	NA	NA	NA	NA	NA	NA	NA	NA	NA	NA	NA	NA	NA	NA	NA	NA	NA	NA	NA	NA	NA	NA	NA	NA	6.348149556649332	1.1759464265254975	internal	21.542050883235195	LOW		NA	NA	4.317837464010935e-08	[1.5629632251255043e-09, 9.746661731049857e-08]	4.317837464010935e-08	0.18524239481625937	476.64320891783774	[416.03460922571145, 555.3906612267872]	1329	[1250, 1390]	NA	['NA', 'NA']	NA	NA
NODE7	NA	NA	NA	NA	NA	NA	NA	NA	NA	NA	NA	NA	NA	NA	NA	NA	NA	NA	NA	NA	NA	NA	NA	NA	NA	NA	NA	13.20762951748685	2.537290843876413	internal	81.02433062993	LOW		NA	NA	4.477867898827673e-08	[3.6922727912564356e-09, 1.0668155449656372e-07]	4.477867898827673e-08	0.19210796612041922	474.65954721238404	[411.2826383976913, 553.3405636186826]	1331	[1252, 1394]	NA	['NA', 'NA']	NA	NA
NODE8	NA	NA	NA	NA	NA	NA	NA	NA	NA	NA	NA	NA	NA	NA	NA	NA	NA	NA	NA	NA	NA	NA	NA	NA	NA	NA	NA	9.970229786676043	1.9132817321164006	internal	99.91112098655705	HIGH	*	NA	NA	4.4730078510645124e-08	[3.1714261276909683e-09, 1.0252443716075404e-07]	4.4730078510645124e-08	0.19189946200370034	465.1232830439541	[405.19893927043756, 545.3043423427621]	1341	[1260, 1400]	NA	['NA', 'NA']	NA	NA
NODE9	NA	NA	NA	NA	NA	NA	NA	NA	NA	NA	NA	NA	NA	NA	NA	NA	NA	NA	NA	NA	NA	NA	NA	NA	NA	NA	NA	11.64519969039219	2.5941734974643196	internal	99.8555716031552	HIGH	*	NA	NA	5.192517648477381e-08	[6.325936832937285e-09, 1.2008148833199414e-07]	5.192517648477381e-08	0.22276762669897612	453.4602380827657	[393.80629042699655, 531.1482813167438]	1352	[1275, 1412]	NA	['NA', 'NA']	NA	NA
NODE10	NA	NA	NA	NA	NA	NA	NA	NA	NA	NA	NA	NA	NA	NA	NA	NA	NA	NA	NA	NA	NA	NA	NA	NA	NA	NA	NA	10.56989458678197	2.118261529071517	internal	99.77780246639261	HIGH	*	NA	NA	4.6712684477002794e-08	[3.4997061580307352e-09, 1.0870154546978256e-07]	4.6712684477002794e-08	0.20040517071196517	442.8709088032551	[385.20086621771225, 521.0352519341443]	1363	[1285, 1420]	NA	['NA', 'NA']	NA	NA
NODE11	NA	NA	NA	NA	NA	NA	NA	NA	NA	NA	NA	NA	NA	NA	NA	NA	NA	NA	NA	NA	NA	NA	NA	NA	NA	NA	NA	5.23287341783481	0.9026878086180586	internal	6.088212420842129	LOW		NA	NA	4.020899802465165e-08	[3.718467462862213e-09, 9.478980869651138e-08]	4.020899802465165e-08	0.17250327621942765	485.17115083109013	[418.93223061000555, 560.9043447481863]	1321	[1245, 1387]	NA	['NA', 'NA']	NA	NA
NODE12	NA	NA	NA	NA	NA	NA	NA	NA	NA	NA	NA	NA	NA	NA	NA	NA	NA	NA	NA	NA	NA	NA	NA	NA	NA	NA	NA	25.469884458311867	5.972275011979624	internal	100.0	HIGH	*	NA	NA	5.4656110964699626e-08	[4.807698531555024e-09, 1.2097424215756786e-07]	5.4656110964699626e-08	0.23448378895298153	468.9940836361885	[405.4994919638774, 550.5782976363873]	1337	[1255, 1400]	NA	['NA', 'NA']	NA	NA
NODE13	NA	NA	NA	NA	NA	NA	NA	NA	NA	NA	NA	NA	NA	NA	NA	NA	NA	NA	NA	NA	NA	NA	NA	NA	NA	NA	NA	9.288461870728554	1.7950674422858885	internal	100.0	HIGH	*	NA	NA	4.504668853194515e-08	[3.1660238734062577e-09, 1.0285204453404488e-07]	4.504668853194515e-08	0.19325777155234097	459.70562176545997	[397.9168640720089, 544.0632598412594]	1346	[1262, 1408]	NA	['NA', 'NA']	NA	NA
NODE14	NA	NA	NA	NA	NA	NA	NA	NA	NA	NA	NA	NA	NA	NA	NA	NA	NA	NA	NA	NA	NA	NA	NA	NA	NA	NA	NA	35.086021351385114	10.93137866290704	internal	100.0	HIGH	*	NA	NA	7.262175139925394e-08	[1.6132530701501654e-08, 1.5030554729221686e-07]	7.262175139925394e-08	0.3115593687135317	424.61960041407485	[362.90199064771423, 507.63936513785814]	1381	[1298, 1443]	NA	['NA', 'NA']	NA	NA
NODE15	NA	NA	NA	NA	NA	NA	NA	NA	NA	NA	NA	NA	NA	NA	NA	NA	NA	NA	NA	NA	NA	NA	NA	NA	NA	NA	NA	5.51217721353089	1.0606027775070666	internal	49.55004999444506	LOW		NA	NA	4.48492817097763e-08	[3.5371378001180082e-09, 1.0492109496166575e-07]	4.48492817097763e-08	0.19241086351570416	416.16535900264785	[352.8839864344713, 499.2656712605012]	1390	[1306, 1453]	NA	['NA', 'NA']	NA	NA
NODE16	NA	NA	NA	NA	NA	NA	NA	NA	NA	NA	NA	NA	NA	NA	NA	NA	NA	NA	NA	NA	NA	NA	NA	NA	NA	NA	NA	25.000534826676073	8.082981634159879	internal	100.0	HIGH	*	NA	NA	7.536126777463695e-08	[1.4808750855631023e-08, 1.684950682609173e-07]	7.536126777463695e-08	0.3233123487236431	394.1068883738679	[330.80855499572067, 476.49858242112833]	1412	[1329, 1475]	NA	['NA', 'NA']	NA	NA
NODE17	NA	NA	NA	NA	NA	NA	NA	NA	NA	NA	NA	NA	NA	NA	NA	NA	NA	NA	NA	NA	NA	NA	NA	NA	NA	NA	NA	13.503120080560791	2.840549706041534	internal	100.0	HIGH	*	NA	NA	4.903364368107797e-08	[4.326768846205684e-09, 1.1103915564659671e-07]	4.903364368107797e-08	0.21036247097667554	380.6037682933071	[317.63526720342924, 462.46752828182167]	1425	[1343, 1488]	NA	['NA', 'NA']	NA	NA
NODE18	NA	NA	NA	NA	NA	NA	NA	NA	NA	NA	NA	NA	NA	NA	NA	NA	NA	NA	NA	NA	NA	NA	NA	NA	NA	NA	NA	16.239742586875195	3.3293248451240607	internal	100.0	HIGH	*	NA	NA	4.7786248141955656e-08	[3.716960771260714e-09, 1.0838541629498752e-07]	4.7786248141955656e-08	0.20501093704618134	364.3640257064319	[304.07364490964414, 443.23232460743543]	1441	[1362, 1502]	NA	['NA', 'NA']	NA	NA
NODE19	NA	NA	NA	NA	NA	NA	NA	NA	NA	NA	NA	NA	NA	NA	NA	NA	NA	NA	NA	NA	NA	NA	NA	NA	NA	NA	NA	14.661473843539852	3.5108856829395934	internal	100.0	HIGH	*	NA	NA	5.5816803535677185e-08	[6.390097976827794e-09, 1.2654962136277207e-07]	5.5816803535677185e-08	0.23946335275744204	349.70255186289205	[292.7824219682287, 428.40985260143356]	1456	[1377, 1513]	NA	['NA', 'NA']	NA	NA
NODE20	NA	NA	NA	NA	NA	NA	NA	NA	NA	NA	NA	NA	NA	NA	NA	NA	NA	NA	NA	NA	NA	NA	NA	NA	NA	NA	NA	48.298714300659014	12.773024125427382	internal	100.0	HIGH	*	NA	NA	6.164304245732811e-08	[1.7173397450291154e-08, 1.1941366728013304e-07]	6.164304245732811e-08	0.2644588848869855	301.40383756223304	[234.12047567479223, 382.1699148464006]	1504	[1424, 1572]	NA	['NA', 'NA']	NA	NA
NODE21	NA	NA	NA	NA	NA	NA	NA	NA	NA	NA	NA	NA	NA	NA	NA	NA	NA	NA	NA	NA	NA	NA	NA	NA	NA	NA	NA	29.392403847550156	7.2391826484623465	internal	100.0	HIGH	*	NA	NA	5.7409046181536706e-08	[8.101355925008034e-09, 1.214897085125956e-07]	5.7409046181536706e-08	0.2462943380204586	272.0114337146829	[210.36439533249245, 349.95529800171187]	1534	[1456, 1595]	NA	['NA', 'NA']	NA	NA
NODE22	NA	NA	NA	NA	NA	NA	NA	NA	NA	NA	NA	NA	NA	NA	NA	NA	NA	NA	NA	NA	NA	NA	NA	NA	NA	NA	NA	28.213156397183923	4.2815527360100685	internal	100.0	HIGH	*	NA	NA	3.53732956990984e-08	[2.986102725370182e-09, 8.352576984155758e-08]	3.53732956990984e-08	0.15175731051621819	243.79827731749896	[165.7748829436909, 330.91757214170104]	1562	[1475, 1640]	NA	['NA', 'NA']	NA	NA
NODE23	NA	NA	NA	NA	NA	NA	NA	NA	NA	NA	NA	NA	NA	NA	NA	NA	NA	NA	NA	NA	NA	NA	NA	NA	NA	NA	NA	8.669605491271795	1.8037740433897305	internal	100.0	HIGH	*	NA	NA	4.849631064222164e-08	[2.5810791312332907e-09, 1.1428828959470016e-07]	4.849631064222164e-08	0.20805722304269744	263.3418282234111	[203.1863031053037, 341.3612839716334]	1542	[1464, 1602]	NA	['NA', 'NA']	NA	NA
NODE24	NA	NA	NA	NA	NA	NA	NA	NA	NA	NA	NA	NA	NA	NA	NA	NA	NA	NA	NA	NA	NA	NA	NA	NA	NA	NA	NA	0.6001761350445918	0.109491803996226	internal	11.020997666925897	LOW		NA	NA	4.252347935155633e-08	[2.523476358260949e-09, 1.0479195196258772e-07]	4.252347935155633e-08	0.18243278531574902	258.99096767841354	[196.4248184348997, 329.9134194918915]	1547	[1476, 1609]	NA	['NA', 'NA']	NA	NA
NODE25	NA	NA	NA	NA	NA	NA	NA	NA	NA	NA	NA	NA	NA	NA	NA	NA	NA	NA	NA	NA	NA	NA	NA	NA	NA	NA	NA	20.34329541164192	4.064544569809284	internal	100.0	HIGH	*	NA	NA	4.657109911767006e-08	[3.286991139737395e-09, 1.1130088834922373e-07]	4.657109911767006e-08	0.19979774601725808	242.39835667672457	[180.10745324422976, 325.7626678309221]	1563	[1480, 1626]	NA	['NA', 'NA']	NA	NA
NODE26	NA	NA	NA	NA	NA	NA	NA	NA	NA	NA	NA	NA	NA	NA	NA	NA	NA	NA	NA	NA	NA	NA	NA	NA	NA	NA	NA	0.5302981608139703	0.09394144679734986	internal	3.7995778246861462	LOW		NA	NA	4.129172505329977e-08	[2.3787708411468703e-09, 9.274642183297002e-08]	4.129172505329977e-08	0.17714835490501488	256.5997872397209	[195.5724768562834, 332.8855980418425]	1549	[1473, 1610]	NA	['NA', 'NA']	NA	NA
NODE27	NA	NA	NA	NA	NA	NA	NA	NA	NA	NA	NA	NA	NA	NA	NA	NA	NA	NA	NA	NA	NA	NA	NA	NA	NA	NA	NA	4.498073776932642	0.7926579453176875	internal	7.099211198755693	LOW		NA	NA	4.107571634026061e-08	[2.767412938636312e-09, 9.329393190068926e-08]	4.107571634026061e-08	0.1762216416686305	247.95854510348371	[185.50153287196673, 323.14267799107495]	1558	[1483, 1620]	NA	['NA', 'NA']	NA	NA
NODE28	NA	NA	NA	NA	NA	NA	NA	NA	NA	NA	NA	NA	NA	NA	NA	NA	NA	NA	NA	NA	NA	NA	NA	NA	NA	NA	NA	2.7006838467847842	0.5255167494494479	internal	4.43284079546717	LOW		NA	NA	4.535641485957626e-08	[1.1988533383953828e-09, 1.0853841919375774e-07]	4.535641485957626e-08	0.19458654891244884	247.16677602612265	[188.50771841025232, 326.1498975218443]	1559	[1480, 1617]	NA	['NA', 'NA']	NA	NA
NODE29	NA	NA	NA	NA	NA	NA	NA	NA	NA	NA	NA	NA	NA	NA	NA	NA	NA	NA	NA	NA	NA	NA	NA	NA	NA	NA	NA	1.7706225219745306	0.30295016533129815	internal	8.121319853349627	LOW		NA	NA	3.9881465901032467e-08	[3.0963532206812993e-09, 9.74609209680895e-08]	3.9881465901032467e-08	0.17109810903876885	248.21356626557684	[185.17867517680259, 334.9925701497202]	1557	[1471, 1621]	NA	['NA', 'NA']	NA	NA
NODE30	NA	NA	NA	NA	NA	NA	NA	NA	NA	NA	NA	NA	NA	NA	NA	NA	NA	NA	NA	NA	NA	NA	NA	NA	NA	NA	NA	7.5278432389686145	1.5435747251810943	internal	100.0	HIGH	*	NA	NA	4.77950582575059e-08	[3.774436110990781e-09, 1.1261455325412909e-07]	4.77950582575059e-08	0.20504873390437106	342.17470862392344	[285.3394147377454, 419.116436175345]	1464	[1387, 1520]	NA	['NA', 'NA']	NA	NA
NODE31	NA	NA	NA	NA	NA	NA	NA	NA	NA	NA	NA	NA	NA	NA	NA	NA	NA	NA	NA	NA	NA	NA	NA	NA	NA	NA	NA	3.7552156312302714	0.5806635034104901	internal	48.594600599933344	LOW		NA	NA	3.604255362786685e-08	[1.7019301637874386e-09, 8.682845987188683e-08]	3.604255362786685e-08	0.15462853812745103	333.898865996355	[273.9812953253336, 414.4589855492042]	1472	[1391, 1532]	NA	['NA', 'NA']	NA	NA
NODE32	NA	NA	NA	NA	NA	NA	NA	NA	NA	NA	NA	NA	NA	NA	NA	NA	NA	NA	NA	NA	NA	NA	NA	NA	NA	NA	NA	16.922472525335024	3.937372406216403	internal	100.0	HIGH	*	NA	NA	5.423361814642355e-08	[5.029167648033684e-09, 1.2468933081364777e-07]	5.423361814642355e-08	0.23267122462876935	321.49702046735814	[257.0953659654192, 401.08254189125415]	1484	[1405, 1549]	NA	['NA', 'NA']	NA	NA
NODE33	NA	NA	NA	NA	NA	NA	NA	NA	NA	NA	NA	NA	NA	NA	NA	NA	NA	NA	NA	NA	NA	NA	NA	NA	NA	NA	NA	12.018208094648685	2.422191148635108	internal	100.0	HIGH	*	NA	NA	4.697800789024744e-08	[3.627408750869715e-09, 1.0934160555672197e-07]	4.697800789024744e-08	0.2015434521984713	309.47881237270946	[243.5238398346141, 393.9304636043135]	1496	[1412, 1562]	NA	['NA', 'NA']	NA	NA
NODE34	NA	NA	NA	NA	NA	NA	NA	NA	NA	NA	NA	NA	NA	NA	NA	NA	NA	NA	NA	NA	NA	NA	NA	NA	NA	NA	NA	7.589602619796324	1.6886762063273895	internal	100.0	HIGH	*	NA	NA	5.1862476368148806e-08	[4.637097014530222e-09, 1.2125340958924078e-07]	5.1862476368148806e-08	0.2224986327904355	334.5851060041271	[278.5782193203893, 411.3241394442388]	1471	[1394, 1527]	NA	['NA', 'NA']	NA	NA
NODE35	NA	NA	NA	NA	NA	NA	NA	NA	NA	NA	NA	NA	NA	NA	NA	NA	NA	NA	NA	NA	NA	NA	NA	NA	NA	NA	NA	5.308064763066568	0.7538506013084556	internal	51.63870681035441	LOW		NA	NA	3.310358095950898e-08	[8.940664604803247e-10, 8.252956376778525e-08]	3.310358095950898e-08	0.1420198575107328	322.39074492703816	[258.1250730519557, 407.26718235780135]	1483	[1398, 1548]	NA	['NA', 'NA']	NA	NA
NODE36	NA	NA	NA	NA	NA	NA	NA	NA	NA	NA	NA	NA	NA	NA	NA	NA	NA	NA	NA	NA	NA	NA	NA	NA	NA	NA	NA	1.7918842318184716	0.29442468593605603	internal	24.352849683368515	LOW		NA	NA	3.8299241756427525e-08	[2.0368865451431475e-09, 9.247757142366658e-08]	3.8299241756427525e-08	0.16431010480920566	321.4926244513882	[254.7564421959135, 405.4477507060415]	1484	[1400, 1551]	NA	['NA', 'NA']	NA	NA
NODE37	NA	NA	NA	NA	NA	NA	NA	NA	NA	NA	NA	NA	NA	NA	NA	NA	NA	NA	NA	NA	NA	NA	NA	NA	NA	NA	NA	96.31112455273072	69.83604432346254	internal	100.0	HIGH	*	NA	NA	1.6901649117223964e-07	[7.889356404289177e-08, 2.8829519999031583e-07]	1.6901649117223964e-07	0.7251088038664426	232.96591668832983	[170.22944675182862, 312.5055726367503]	1573	[1493, 1635]	NA	['NA', 'NA']	NA	NA
NODE38	NA	NA	NA	NA	NA	NA	NA	NA	NA	NA	NA	NA	NA	NA	NA	NA	NA	NA	NA	NA	NA	NA	NA	NA	NA	NA	NA	9.122494383597285	2.1743680846153843	internal	69.51449838906788	LOW		NA	NA	5.55578413759498e-08	[4.7652004531777e-09, 1.2735362872456068e-07]	5.55578413759498e-08	0.23835236210449307	215.47136135978843	[156.5372535182035, 290.43006455787486]	1590	[1515, 1649]	NA	['NA', 'NA']	NA	NA
NODE39	NA	NA	NA	NA	NA	NA	NA	NA	NA	NA	NA	NA	NA	NA	NA	NA	NA	NA	NA	NA	NA	NA	NA	NA	NA	NA	NA	10.463234708274314	2.0317187137126087	internal	15.53160759915565	LOW		NA	NA	4.5260934512180504e-08	[2.960334377698993e-09, 1.1022473819342197e-07]	4.5260934512180504e-08	0.19417692237238338	208.08926392675957	[151.873029542234, 280.0787102177355]	1598	[1526, 1654]	NA	['NA', 'NA']	NA	NA
NODE40	NA	NA	NA	NA	NA	NA	NA	NA	NA	NA	NA	NA	NA	NA	NA	NA	NA	NA	NA	NA	NA	NA	NA	NA	NA	NA	NA	3.4800624731867913	0.6716858404062132	internal	23.35296078213532	LOW		NA	NA	4.498886700600201e-08	[3.272518221555258e-09, 1.0741187914261145e-07]	4.498886700600201e-08	0.1930097076076716	204.16359021772007	[146.43120503126886, 285.67947438150316]	1602	[1520, 1659]	NA	['NA', 'NA']	NA	NA
NODE41	NA	NA	NA	NA	NA	NA	NA	NA	NA	NA	NA	NA	NA	NA	NA	NA	NA	NA	NA	NA	NA	NA	NA	NA	NA	NA	NA	18.786773960679028	3.162451351690822	internal	69.51449838906788	LOW		NA	NA	3.9237158302894734e-08	[2.4666634515554103e-09, 9.046931088468563e-08]	3.9237158302894734e-08	0.16833392248769669	188.44566974718066	[121.63558881325639, 270.6330983906504]	1617	[1535, 1684]	NA	['NA', 'NA']	NA	NA
NODE42	NA	NA	NA	NA	NA	NA	NA	NA	NA	NA	NA	NA	NA	NA	NA	NA	NA	NA	NA	NA	NA	NA	NA	NA	NA	NA	NA	73.76537538378628	16.579072608821487	internal	100.0	HIGH	*	NA	NA	5.238821244568008e-08	[1.192790168939097e-08, 9.952048319456041e-08]	5.238821244568008e-08	0.22475412783523352	131.29127296026724	[68.94651226117332, 207.59045252904997]	1674	[1598, 1737]	NA	['NA', 'NA']	NA	NA
NODE43	NA	NA	NA	NA	NA	NA	NA	NA	NA	NA	NA	NA	NA	NA	NA	NA	NA	NA	NA	NA	NA	NA	NA	NA	NA	NA	NA	26.09627701116453	4.622937807814488	internal	100.0	HIGH	*	NA	NA	4.129195072976313e-08	[2.6505130488166767e-09, 9.412302514428368e-08]	4.129195072976313e-08	0.17714932309450496	105.1949959491027	[41.46678498233081, 180.9104256514633]	1700	[1625, 1764]	NA	['NA', 'NA']	NA	NA
NODE44	NA	NA	NA	NA	NA	NA	NA	NA	NA	NA	NA	NA	NA	NA	NA	NA	NA	NA	NA	NA	NA	NA	NA	NA	NA	NA	NA	28.749515854267955	5.503546800219898	internal	100.0	HIGH	*	NA	NA	4.4620869788917945e-08	[5.13439105863198e-09, 1.0051241896033794e-07]	4.4620869788917945e-08	0.19143093845884293	102.54175710599928	[50.866416242647745, 177.87373855065306]	1703	[1628, 1755]	NA	['NA', 'NA']	NA	NA
NODE45	NA	NA	NA	NA	NA	NA	NA	NA	NA	NA	NA	NA	NA	NA	NA	NA	NA	NA	NA	NA	NA	NA	NA	NA	NA	NA	NA	9.59706335886763	2.3330078565115717	internal	100.0	HIGH	*	NA	NA	5.666354514477135e-08	[4.818594102922947e-09, 1.303693528670221e-07]	5.666354514477135e-08	0.24309601481956314	92.94469374713165	[44.92340368976829, 166.37894097195522]	1713	[1639, 1761]	NA	['NA', 'NA']	NA	NA
NODE46	NA	NA	NA	NA	NA	NA	NA	NA	NA	NA	NA	NA	NA	NA	NA	NA	NA	NA	NA	NA	NA	NA	NA	NA	NA	NA	NA	1.0092437696578287	0.18888518639759957	internal	31.029885568270192	LOW		NA	NA	4.3624225063147686e-08	[2.2070700620158976e-09, 1.0880162413617022e-07]	4.3624225063147686e-08	0.18715516714226405	90.3232290517319	[44.19821780401924, 164.99067783500874]	1715	[1641, 1761]	NA	['NA', 'NA']	NA	NA
NODE47	NA	NA	NA	NA	NA	NA	NA	NA	NA	NA	NA	NA	NA	NA	NA	NA	NA	NA	NA	NA	NA	NA	NA	NA	NA	NA	NA	2.7332311606125614	0.5775037131241375	internal	50.87212531940896	LOW		NA	NA	4.924978295275473e-08	[2.5593649016574355e-09, 1.1863612584422835e-07]	4.924978295275473e-08	0.21128974433128794	86.5220696447628	[41.60350819458728, 159.3617152259509]	1719	[1646, 1764]	NA	['NA', 'NA']	NA	NA
