D71_X	D71_Y
0.0	0.0
0.001	0.001076
0.002	0.002069
0.003	0.003062
0.004	0.004056
0.005	0.005042
0.006	0.006032999999999999
0.006999999999999999	0.007017
0.008	0.008007
0.009	0.008983999999999999
0.01	0.009968999999999999
0.011	0.010952
0.012	0.011925
0.013	0.0129
0.013999999999999999	0.013873
0.015	0.014851
0.016	0.015822
0.016999999999999998	0.016795
0.018	0.017762
0.019	0.018727
0.02	0.019695
0.020999999999999998	0.020657
0.022	0.021616
0.023	0.022576
0.024	0.023531999999999997
0.024999999999999998	0.024492999999999997
0.026	0.025443
0.027	0.026395
0.027999999999999997	0.027344999999999998
0.028999999999999998	0.0283
0.03	0.029244
0.031	0.030189999999999998
0.032	0.031135
0.033	0.032078999999999996
0.033999999999999996	0.033019
0.034999999999999996	0.033963
0.036	0.034901
0.037	0.035831999999999996
0.038	0.036766
0.039	0.037702
0.04	0.038632
0.040999999999999995	0.039563999999999995
0.041999999999999996	0.040496
0.043	0.041416
0.044	0.042335
0.045	0.043265
0.046	0.044191999999999995
0.047	0.045108999999999996
0.048	0.046029999999999995
0.048999999999999995	0.046943
0.049999999999999996	0.047861
0.051	0.048777
0.052	0.04969
0.053	0.050598
0.054	0.051511999999999995
0.055	0.052417
0.055999999999999994	0.053321
0.056999999999999995	0.054230999999999994
0.057999999999999996	0.055132999999999995
0.059	0.056032
0.06	0.056936999999999995
0.061	0.057836
0.062	0.058737
0.063	0.059628999999999995
0.064	0.060524999999999995
0.065	0.061412999999999995
0.066	0.06231
0.06699999999999999	0.06319999999999999
0.06799999999999999	0.064094
0.06899999999999999	0.06497499999999999
0.06999999999999999	0.065862
0.071	0.066746
0.072	0.067633
0.073	0.06851399999999999
0.074	0.069394
0.075	0.07027699999999999
0.076	0.071154
0.077	0.072028
0.078	0.072902
0.079	0.073778
0.08	0.074651
0.081	0.07552099999999999
0.08199999999999999	0.076389
0.08299999999999999	0.077259
0.08399999999999999	0.078126
0.08499999999999999	0.078987
0.086	0.079856
0.087	0.080717
0.088	0.081581
0.089	0.08244499999999999
0.09	0.083301
0.091	0.084155
0.092	0.08501099999999999
0.093	0.08587
0.094	0.08671999999999999
0.095	0.087577
0.096	0.08842799999999999
0.09699999999999999	0.08927099999999999
0.09799999999999999	0.090122
0.09899999999999999	0.090969
0.09999999999999999	0.091816
0.10099999999999999	0.092656
0.102	0.0935
0.103	0.094342
0.104	0.09518599999999999
0.105	0.096023
0.106	0.09686
0.107	0.097701
0.108	0.098536
0.109	0.099365
0.11	0.1002
0.111	0.101036
0.11199999999999999	0.101861
0.11299999999999999	0.102696
0.11399999999999999	0.103528
0.11499999999999999	0.104353
0.11599999999999999	0.10518
0.11699999999999999	0.106001
0.118	0.106831
0.119	0.10765
0.12	0.108468
0.121	0.10929499999999999
0.122	0.110112
0.123	0.11093199999999999
0.124	0.111742
0.125	0.11255699999999999
0.126	0.11337
0.127	0.11418199999999999
0.128	0.11499799999999999
0.129	0.11580499999999999
0.13	0.116616
0.131	0.11742799999999999
0.132	0.11823399999999999
0.133	0.11903499999999999
0.13399999999999998	0.11984099999999999
0.13499999999999998	0.12064699999999999
0.13599999999999998	0.12144999999999999
0.13699999999999998	0.122253
0.13799999999999998	0.123052
0.13899999999999998	0.123848
0.13999999999999999	0.124647
0.141	0.125442
0.142	0.126239
0.143	0.127034
0.144	0.127825
0.145	0.12861599999999998
0.146	0.129406
0.147	0.130194
0.148	0.130983
0.149	0.131772
0.15	0.13255899999999998
0.151	0.133343
0.152	0.134126
0.153	0.134914
0.154	0.13569499999999998
0.155	0.13647499999999999
0.156	0.137255
0.157	0.138037
0.158	0.138811
0.159	0.139588
0.16	0.140371
0.161	0.141144
0.162	0.14191399999999998
0.163	0.14269099999999998
0.16399999999999998	0.14346
0.16499999999999998	0.144226
0.16599999999999998	0.145002
0.16699999999999998	0.145764
0.16799999999999998	0.146533
0.16899999999999998	0.147303
0.16999999999999998	0.148064
0.17099999999999999	0.148832
0.172	0.149594
0.173	0.150355
0.174	0.151116
0.175	0.15187699999999998
0.176	0.152638
0.177	0.153395
0.178	0.15415099999999998
0.179	0.154907
0.18	0.155661
0.181	0.156417
0.182	0.157169
0.183	0.15792199999999998
0.184	0.15867199999999998
0.185	0.15942099999999998
0.186	0.16017099999999998
0.187	0.160918
0.188	0.161668
0.189	0.162414
0.19	0.163154
0.191	0.163898
0.192	0.164646
0.193	0.165387
0.19399999999999998	0.166129
0.19499999999999998	0.16686499999999999
0.19599999999999998	0.167606
0.19699999999999998	0.168344
0.19799999999999998	0.16908299999999998
0.19899999999999998	0.169819
0.19999999999999998	0.17055299999999998
0.20099999999999998	0.171292
0.20199999999999999	0.172019
0.20299999999999999	0.172755
0.204	0.173486
0.205	0.17421599999999998
0.206	0.174944
0.207	0.175681
0.208	0.17640599999999998
0.209	0.17713099999999998
0.21	0.177857
0.211	0.178583
0.212	0.179303
0.213	0.180029
0.214	0.180755
0.215	0.181475
0.216	0.182196
0.217	0.182916
0.218	0.183633
0.219	0.184351
0.22	0.18506799999999998
0.221	0.185783
0.222	0.186498
0.223	0.187217
0.22399999999999998	0.18792
0.22499999999999998	0.188636
0.22599999999999998	0.18934499999999999
0.22699999999999998	0.190057
0.22799999999999998	0.19077
0.22899999999999998	0.19147799999999998
0.22999999999999998	0.192187
0.23099999999999998	0.19289099999999998
0.23199999999999998	0.193596
0.23299999999999998	0.194299
0.23399999999999999	0.19500499999999998
0.235	0.195708
0.236	0.19641
0.237	0.19711099999999998
0.238	0.197817
0.239	0.198514
0.24	0.199212
0.241	0.19991099999999998
0.242	0.200615
0.243	0.201309
0.244	0.202003
0.245	0.202695
0.246	0.203391
0.247	0.204083
0.248	0.20477599999999999
0.249	0.20546699999999998
0.25	0.20616099999999998
0.251	0.20684899999999998
0.252	0.207537
0.253	0.20823
0.254	0.208915
0.255	0.20959899999999998
0.256	0.210282
0.257	0.21096499999999999
0.258	0.21165299999999998
0.259	0.21234
0.26	0.213019
0.261	0.21370499999999998
0.262	0.214381
0.263	0.215058
0.264	0.215742
0.265	0.21642
0.266	0.21709499999999998
0.267	0.217773
0.26799999999999996	0.218447
0.26899999999999996	0.219127
0.26999999999999996	0.219799
0.27099999999999996	0.22047
0.27199999999999996	0.22114599999999998
0.27299999999999996	0.22181599999999999
0.27399999999999997	0.222489
0.27499999999999997	0.223154
0.27599999999999997	0.223827
0.27699999999999997	0.224492
0.27799999999999997	0.225155
0.27899999999999997	0.225825
0.27999999999999997	0.226492
0.28099999999999997	0.227159
0.282	0.227826
0.283	0.228488
0.284	0.22915
0.285	0.229814
0.286	0.23047399999999998
0.287	0.231131
0.288	0.231795
0.289	0.232454
0.29	0.233113
0.291	0.23377399999999998
0.292	0.234428
0.293	0.235086
0.294	0.23574099999999998
0.295	0.236399
0.296	0.23704899999999998
0.297	0.237699
0.298	0.23835599999999998
0.299	0.239005
0.3	0.23965599999999998
0.301	0.240306
0.302	0.24095599999999998
0.303	0.241605
0.304	0.242254
0.305	0.24290199999999998
0.306	0.24354599999999998
0.307	0.244192
0.308	0.244838
0.309	0.24548199999999998
0.31	0.24612399999999998
0.311	0.246767
0.312	0.247412
0.313	0.248049
0.314	0.248687
0.315	0.249329
0.316	0.249966
0.317	0.250608
0.318	0.25124399999999997
0.319	0.25188299999999997
0.32	0.252521
0.321	0.253154
0.322	0.253786
0.323	0.25442
0.324	0.255055
0.325	0.255692
0.326	0.25632
0.327	0.256952
0.32799999999999996	0.257589
0.32899999999999996	0.258216
0.32999999999999996	0.258843
0.33099999999999996	0.259471
0.33199999999999996	0.260103
0.33299999999999996	0.260725
0.33399999999999996	0.261354
0.33499999999999996	0.26198
0.33599999999999997	0.262604
0.33699999999999997	0.263224
0.33799999999999997	0.263851
0.33899999999999997	0.26447699999999996
0.33999999999999997	0.265099
0.34099999999999997	0.265718
0.34199999999999997	0.266339
0.34299999999999997	0.26696
0.344	0.267576
0.345	0.268194
0.346	0.26881499999999997
0.347	0.269428
0.348	0.270046
0.349	0.27066399999999996
0.35	0.271283
0.351	0.27189599999999997
0.352	0.272508
0.353	0.273127
0.354	0.273738
0.355	0.274347
0.356	0.274959
0.357	0.275568
0.358	0.276179
0.359	0.276788
0.36	0.277398
0.361	0.278005
0.362	0.27860999999999997
0.363	0.27921799999999997
0.364	0.27982599999999996
0.365	0.280432
0.366	0.281034
0.367	0.281636
0.368	0.282246
0.369	0.282845
0.37	0.283448
0.371	0.28405199999999997
0.372	0.28465199999999996
0.373	0.28525
0.374	0.285852
0.375	0.286447
0.376	0.28704599999999997
0.377	0.287644
0.378	0.288247
0.379	0.28884
0.38	0.28943399999999997
0.381	0.290031
0.382	0.290624
0.383	0.291222
0.384	0.29181399999999996
0.385	0.292407
0.386	0.292997
0.38699999999999996	0.293585
0.38799999999999996	0.294182
0.38899999999999996	0.294772
0.38999999999999996	0.295361
0.39099999999999996	0.29595
0.39199999999999996	0.296535
0.39299999999999996	0.297126
0.39399999999999996	0.297713
0.39499999999999996	0.298298
0.39599999999999996	0.29888899999999996
0.39699999999999996	0.29947
0.39799999999999996	0.300056
0.39899999999999997	0.300637
0.39999999999999997	0.30122
0.40099999999999997	0.30180399999999996
0.40199999999999997	0.30238499999999996
0.40299999999999997	0.30296799999999996
0.40399999999999997	0.30355
0.40499999999999997	0.304129
0.40599999999999997	0.304709
0.407	0.305287
0.408	0.305868
0.409	0.306442
0.41	0.30702199999999996
0.411	0.307597
0.412	0.308177
0.413	0.30874999999999997
0.414	0.30932899999999997
0.415	0.309904
0.416	0.310478
0.417	0.31104899999999996
0.418	0.311623
0.419	0.312191
0.42	0.312768
0.421	0.313334
0.422	0.31390599999999996
0.423	0.314477
0.424	0.315046
0.425	0.315613
0.426	0.316183
0.427	0.31675
0.428	0.31731499999999996
0.429	0.317882
0.43	0.31845
0.431	0.31901199999999996
0.432	0.31957599999999997
0.433	0.320142
0.434	0.32070499999999996
0.435	0.32127
0.436	0.321833
0.437	0.32239399999999996
0.438	0.322953
0.439	0.323515
0.44	0.324075
0.441	0.324636
0.442	0.325192
0.443	0.325751
0.444	0.326308
0.445	0.32686699999999996
0.446	0.327424
0.44699999999999995	0.327978
0.44799999999999995	0.328534
0.44899999999999995	0.329086
0.44999999999999996	0.32964
0.45099999999999996	0.330198
0.45199999999999996	0.33075099999999996
0.45299999999999996	0.33130499999999996
0.45399999999999996	0.331854
0.45499999999999996	0.332407
0.45599999999999996	0.33296
0.45699999999999996	0.333509
0.45799999999999996	0.33405999999999997
0.45899999999999996	0.33460999999999996
0.45999999999999996	0.335157
0.46099999999999997	0.335707
0.46199999999999997	0.33625299999999997
0.46299999999999997	0.33679899999999996
0.46399999999999997	0.337347
0.46499999999999997	0.337897
0.46599999999999997	0.338439
0.46699999999999997	0.338984
0.46799999999999997	0.339532
0.469	0.34007299999999996
0.47	0.340618
0.471	0.341161
0.472	0.341701
0.473	0.34224499999999997
0.474	0.34279
0.475	0.343329
0.476	0.343872
0.477	0.34440899999999997
0.478	0.344949
0.479	0.34548599999999996
0.48	0.346024
0.481	0.346563
0.482	0.347101
0.483	0.34764
0.484	0.348174
0.485	0.348711
0.486	0.349247
0.487	0.349781
0.488	0.35031599999999996
0.489	0.35084499999999996
0.49	0.351381
0.491	0.351911
0.492	0.352445
0.493	0.35297999999999996
0.494	0.35350899999999996
0.495	0.354043
0.496	0.35457299999999997
0.497	0.35509999999999997
0.498	0.355629
0.499	0.356158
0.5	0.356685
0.501	0.357216
0.502	0.35773699999999997
0.503	0.358267
0.504	0.35879099999999997
0.505	0.35931399999999997
0.506	0.35984099999999997
0.507	0.360367
0.508	0.36089
0.509	0.361415
0.51	0.36194
0.511	0.362462
0.512	0.362981
0.513	0.3635
0.514	0.36402399999999996
0.515	0.364545
0.516	0.365064
0.517	0.365587
0.518	0.36610499999999996
0.519	0.366619
0.52	0.367141
0.521	0.36766
0.522	0.368176
0.523	0.368691
0.524	0.369209
0.525	0.369722
0.526	0.37023999999999996
0.527	0.370756
0.528	0.371268
0.529	0.371781
0.53	0.37229799999999996
0.531	0.372811
0.532	0.373318
0.533	0.373832
0.534	0.374341
0.535	0.374855
0.5359999999999999	0.375366
0.5369999999999999	0.375871
0.5379999999999999	0.376384
0.5389999999999999	0.376892
0.5399999999999999	0.37740399999999996
0.5409999999999999	0.377913
0.5419999999999999	0.37842
0.5429999999999999	0.378928
0.5439999999999999	0.37943499999999997
0.5449999999999999	0.379938
0.5459999999999999	0.380448
0.5469999999999999	0.380947
0.5479999999999999	0.38145199999999996
0.5489999999999999	0.38195799999999996
0.5499999999999999	0.382466
0.5509999999999999	0.38296399999999997
0.5519999999999999	0.383467
0.5529999999999999	0.38397
0.5539999999999999	0.384474
0.5549999999999999	0.384976
0.5559999999999999	0.38547499999999996
0.5569999999999999	0.38597699999999996
0.5579999999999999	0.38647699999999996
0.5589999999999999	0.38697699999999996
0.5599999999999999	0.38747699999999996
0.5609999999999999	0.387976
0.5619999999999999	0.388472
0.563	0.38897
0.564	0.389467
0.565	0.389967
0.566	0.390463
0.567	0.390957
0.568	0.391453
0.569	0.391949
0.57	0.392443
0.571	0.392937
0.572	0.393431
0.573	0.39392299999999997
0.574	0.39441699999999996
0.575	0.39491099999999996
0.576	0.395405
0.577	0.395895
0.578	0.39638599999999996
0.579	0.396875
0.58	0.39736699999999997
0.581	0.397856
0.582	0.398348
0.583	0.398833
0.584	0.39932199999999995
0.585	0.399812
0.586	0.400302
0.587	0.400784
0.588	0.401271
0.589	0.401758
0.59	0.40224699999999997
0.591	0.402726
0.592	0.403215
0.593	0.403699
0.594	0.404186
0.595	0.40467
0.596	0.405153
0.597	0.405636
0.598	0.406118
0.599	0.406601
0.6	0.40708
0.601	0.407562
0.602	0.408045
0.603	0.408522
0.604	0.409005
0.605	0.40948199999999996
0.606	0.40996099999999996
0.607	0.410439
0.608	0.410921
0.609	0.41139699999999996
0.61	0.411877
0.611	0.41235299999999997
0.612	0.412831
0.613	0.413308
0.614	0.413779
0.615	0.41425399999999996
0.616	0.414728
0.617	0.415203
0.618	0.41567699999999996
0.619	0.41614999999999996
0.62	0.416624
0.621	0.417099
0.622	0.41756699999999997
0.623	0.418041
0.624	0.41851
0.625	0.41898799999999997
0.626	0.41945299999999996
0.627	0.419927
0.628	0.420396
0.629	0.42086399999999996
0.63	0.42133499999999996
0.631	0.42180599999999996
0.632	0.42227299999999995
0.633	0.422741
0.634	0.423208
0.635	0.423672
0.636	0.424139
0.637	0.424606
0.638	0.425071
0.639	0.425535
0.64	0.426004
0.641	0.426467
0.642	0.426934
0.643	0.42739699999999997
0.644	0.42786199999999996
0.645	0.428324
0.646	0.428786
0.647	0.42924799999999996
0.648	0.42971
0.649	0.43017099999999997
0.65	0.430633
0.651	0.431097
0.652	0.43155299999999996
0.653	0.43201399999999995
0.654	0.43247599999999997
0.6549999999999999	0.432932
0.6559999999999999	0.433388
0.6569999999999999	0.43384999999999996
0.6579999999999999	0.434307
0.6589999999999999	0.434762
0.6599999999999999	0.43522
0.6609999999999999	0.435681
0.6619999999999999	0.43613599999999997
0.6629999999999999	0.436591
0.6639999999999999	0.43704699999999996
0.6649999999999999	0.437503
0.6659999999999999	0.437957
0.6669999999999999	0.438411
0.6679999999999999	0.438865
0.6689999999999999	0.43931699999999996
0.6699999999999999	0.43976899999999997
0.6709999999999999	0.440224
0.6719999999999999	0.44067799999999996
0.6729999999999999	0.44112999999999997
0.6739999999999999	0.44158
0.6749999999999999	0.442032
0.6759999999999999	0.442482
0.6769999999999999	0.44293299999999997
0.6779999999999999	0.443382
0.6789999999999999	0.443837
0.6799999999999999	0.44428199999999995
0.6809999999999999	0.44473399999999996
0.6819999999999999	0.44518199999999997
0.6829999999999999	0.445629
0.6839999999999999	0.446078
0.6849999999999999	0.446527
0.6859999999999999	0.446972
0.6869999999999999	0.44742
0.688	0.447866
0.689	0.44831099999999996
0.69	0.44875899999999996
0.691	0.449202
0.692	0.449646
0.693	0.45009499999999997
0.694	0.45054
0.695	0.45098299999999997
0.696	0.451426
0.697	0.45186899999999997
0.698	0.45231
0.699	0.45275499999999996
0.7	0.45319699999999996
0.701	0.45364
0.702	0.454078
0.703	0.454517
0.704	0.454962
0.705	0.455401
0.706	0.455843
0.707	0.456279
0.708	0.45671799999999996
0.709	0.457155
0.71	0.457595
0.711	0.458034
0.712	0.458468
0.713	0.45891
0.714	0.459346
0.715	0.45978399999999997
0.716	0.46021999999999996
0.717	0.460657
0.718	0.46109
0.719	0.461522
0.72	0.46195899999999995
0.721	0.46239199999999997
0.722	0.46282799999999996
0.723	0.46326199999999995
0.724	0.46369699999999997
0.725	0.46413299999999996
0.726	0.464563
0.727	0.46499599999999996
0.728	0.465429
0.729	0.46586
0.73	0.46629
0.731	0.46672199999999997
0.732	0.46715199999999996
0.733	0.46758099999999997
0.734	0.46801099999999995
0.735	0.468441
0.736	0.468871
0.737	0.46929899999999997
0.738	0.469728
0.739	0.470155
0.74	0.470584
0.741	0.47100899999999996
0.742	0.47143799999999997
0.743	0.471864
0.744	0.472288
0.745	0.472715
0.746	0.47314199999999995
0.747	0.47356299999999996
0.748	0.473996
0.749	0.47441799999999995
0.75	0.474842
0.751	0.47526599999999997
0.752	0.475691
0.753	0.476114
0.754	0.47653599999999996
0.755	0.476958
0.756	0.477381
0.757	0.477805
0.758	0.478222
0.759	0.478643
0.76	0.47906699999999997
0.761	0.479489
0.762	0.479908
0.763	0.480327
0.764	0.48074599999999995
0.765	0.481168
0.766	0.481587
0.767	0.48200499999999996
0.768	0.482419
0.769	0.48284099999999996
0.77	0.48325999999999997
0.771	0.483676
0.772	0.48409399999999997
0.773	0.484508
0.7739999999999999	0.484925
0.7749999999999999	0.48534099999999997
0.7759999999999999	0.48575799999999997
0.7769999999999999	0.486172
0.7779999999999999	0.486587
0.7789999999999999	0.487002
0.7799999999999999	0.487415
0.7809999999999999	0.48783099999999996
0.7819999999999999	0.48824399999999996
0.7829999999999999	0.488658
0.7839999999999999	0.48907
0.7849999999999999	0.489482
0.7859999999999999	0.48989499999999997
0.7869999999999999	0.490307
0.7879999999999999	0.490718
0.7889999999999999	0.491131
0.7899999999999999	0.49154299999999995
0.7909999999999999	0.491952
0.7919999999999999	0.49236399999999997
0.7929999999999999	0.49277499999999996
0.7939999999999999	0.49318399999999996
0.7949999999999999	0.493592
0.7959999999999999	0.494
0.7969999999999999	0.494411
0.7979999999999999	0.49481899999999995
0.7989999999999999	0.495227
0.7999999999999999	0.49563399999999996
0.8009999999999999	0.49604
0.8019999999999999	0.496449
0.8029999999999999	0.49685599999999996
0.8039999999999999	0.497262
0.8049999999999999	0.497668
0.8059999999999999	0.498075
0.8069999999999999	0.49848099999999995
0.8079999999999999	0.498888
0.8089999999999999	0.499295
0.8099999999999999	0.499699
0.8109999999999999	0.5001019999999999
0.8119999999999999	0.5005069999999999
0.813	0.50091
0.814	0.501313
0.815	0.501718
0.816	0.50212
0.817	0.50252
0.818	0.502925
0.819	0.503325
0.82	0.503724
0.821	0.5041289999999999
0.822	0.504526
0.823	0.5049279999999999
0.824	0.50533
0.825	0.505729
0.826	0.5061289999999999
0.827	0.506528
0.828	0.5069279999999999
0.829	0.507328
0.83	0.507724
0.831	0.508122
0.832	0.508518
0.833	0.508918
0.834	0.509315
0.835	0.509711
0.836	0.5101089999999999
0.837	0.510506
0.838	0.5109
0.839	0.5112949999999999
0.84	0.511693
0.841	0.512088
0.842	0.5124839999999999
0.843	0.512878
0.844	0.513277
0.845	0.5136649999999999
0.846	0.514058
0.847	0.51445
0.848	0.5148469999999999
0.849	0.515243
0.85	0.515633
0.851	0.516023
0.852	0.516415
0.853	0.516809
0.854	0.5172
0.855	0.51759
0.856	0.5179819999999999
0.857	0.5183719999999999
0.858	0.518761
0.859	0.519152
0.86	0.5195379999999999
0.861	0.519929
0.862	0.520316
0.863	0.520709
0.864	0.521096
0.865	0.521484
0.866	0.52187
0.867	0.522258
0.868	0.5226459999999999
0.869	0.5230319999999999
0.87	0.5234179999999999
0.871	0.523803
0.872	0.524188
0.873	0.524573
0.874	0.524961
0.875	0.525346
0.876	0.52573
0.877	0.526115
0.878	0.5264989999999999
0.879	0.5268849999999999
0.88	0.527269
0.881	0.527652
0.882	0.528036
0.883	0.528416
0.884	0.5287999999999999
0.885	0.529181
0.886	0.5295639999999999
0.887	0.529947
0.888	0.530328
0.889	0.530708
0.89	0.53109
0.891	0.53147
0.892	0.531849
0.8929999999999999	0.532227
0.8939999999999999	0.532612
0.8949999999999999	0.532991
0.8959999999999999	0.533372
0.8969999999999999	0.533749
0.8979999999999999	0.534129
0.8989999999999999	0.534505
0.8999999999999999	0.534884
0.9009999999999999	0.535261
0.9019999999999999	0.535639
0.9029999999999999	0.536014
0.9039999999999999	0.536393
0.9049999999999999	0.536768
0.9059999999999999	0.537144
0.9069999999999999	0.5375219999999999
0.9079999999999999	0.537897
0.9089999999999999	0.538273
0.9099999999999999	0.538651
0.9109999999999999	0.539024
0.9119999999999999	0.5393979999999999
0.9129999999999999	0.539772
0.9139999999999999	0.540148
0.9149999999999999	0.54052
0.9159999999999999	0.5408919999999999
0.9169999999999999	0.5412669999999999
0.9179999999999999	0.541639
0.9189999999999999	0.542011
0.9199999999999999	0.542384
0.9209999999999999	0.542758
0.9219999999999999	0.543132
0.9229999999999999	0.543501
0.9239999999999999	0.543872
0.9249999999999999	0.544245
0.9259999999999999	0.544612
0.9269999999999999	0.544983
0.9279999999999999	0.545356
0.9289999999999999	0.5457259999999999
0.9299999999999999	0.546095
0.9309999999999999	0.546462
0.9319999999999999	0.546836
0.9329999999999999	0.547204
0.9339999999999999	0.54757
0.9349999999999999	0.547941
0.9359999999999999	0.54831
0.9369999999999999	0.548678
0.938	0.549045
0.939	0.549414
0.94	0.549779
0.941	0.550144
0.942	0.550513
0.943	0.550878
0.944	0.551245
0.945	0.5516099999999999
0.946	0.551976
0.947	0.552341
0.948	0.552708
0.949	0.55307
0.95	0.5534359999999999
0.951	0.553801
0.952	0.554164
0.953	0.554527
0.954	0.5548879999999999
0.955	0.555256
0.956	0.555617
0.957	0.55598
0.958	0.556341
0.959	0.556704
0.96	0.557067
0.961	0.5574279999999999
0.962	0.557786
0.963	0.558151
0.964	0.558512
0.965	0.558871
0.966	0.55923
0.967	0.5595939999999999
0.968	0.5599529999999999
0.969	0.560311
0.97	0.5606709999999999
0.971	0.561031
0.972	0.561389
0.973	0.5617449999999999
0.974	0.562106
0.975	0.562464
0.976	0.5628219999999999
0.977	0.5631769999999999
0.978	0.563534
0.979	0.56389
0.98	0.564246
0.981	0.564605
0.982	0.5649609999999999
0.983	0.565318
0.984	0.565673
0.985	0.5660299999999999
0.986	0.566384
0.987	0.56674
0.988	0.567097
0.989	0.567452
0.99	0.567803
0.991	0.568157
0.992	0.56851
0.993	0.568863
0.994	0.5692189999999999
0.995	0.5695709999999999
0.996	0.5699219999999999
0.997	0.570276
0.998	0.570628
0.999	0.5709799999999999
1.0	0.57133
1.001	0.571682
1.002	0.572036
1.003	0.572386
1.004	0.572735
1.005	0.5730879999999999
1.006	0.573437
1.007	0.573788
1.008	0.5741379999999999
1.009	0.574488
1.01	0.574836
1.011	0.575185
1.012	0.5755359999999999
1.013	0.5758829999999999
1.014	0.5762309999999999
1.015	0.5765779999999999
1.016	0.576927
1.017	0.577274
1.018	0.5776209999999999
1.019	0.577967
1.02	0.5783159999999999
1.021	0.578661
1.022	0.579009
1.023	0.579353
1.024	0.5797
1.025	0.580044
1.026	0.580392
1.027	0.5807359999999999
1.028	0.581083
1.029	0.58143
1.03	0.581773
1.031	0.5821149999999999
1.032	0.58246
1.033	0.582805
1.034	0.5831459999999999
1.035	0.58349
1.036	0.583832
1.037	0.584176
1.038	0.584517
1.039	0.5848599999999999
1.04	0.585201
1.041	0.585542
1.042	0.585885
1.043	0.586225
1.044	0.586567
1.045	0.586909
1.046	0.587249
1.047	0.587589
1.048	0.587928
1.049	0.5882689999999999
1.05	0.58861
1.051	0.588949
1.052	0.589285
1.053	0.5896279999999999
1.054	0.589965
1.055	0.590306
1.056	0.5906429999999999
1.057	0.590981
1.058	0.591318
1.059	0.591657
1.06	0.5919949999999999
1.061	0.5923309999999999
1.062	0.592668
1.063	0.593007
1.064	0.5933419999999999
1.065	0.593679
1.066	0.5940139999999999
1.067	0.594351
1.068	0.594685
1.069	0.595019
1.07	0.595357
1.071	0.595692
1.0719999999999998	0.5960289999999999
1.073	0.59636
1.0739999999999998	0.596694
1.075	0.597027
1.0759999999999998	0.597362
1.077	0.597696
1.0779999999999998	0.598028
1.079	0.598362
1.0799999999999998	0.598696
1.081	0.5990249999999999
1.0819999999999999	0.599359
1.083	0.599694
1.0839999999999999	0.600024
1.085	0.6003539999999999
1.0859999999999999	0.600687
1.087	0.601019
1.0879999999999999	0.601348
1.089	0.60168
1.0899999999999999	0.602011
1.091	0.60234
1.0919999999999999	0.6026699999999999
1.093	0.6030019999999999
1.0939999999999999	0.603332
1.095	0.603663
1.0959999999999999	0.603992
1.097	0.60432
1.0979999999999999	0.604648
1.099	0.604977
1.0999999999999999	0.6053069999999999
1.101	0.605634
1.1019999999999999	0.605961
1.103	0.606289
1.1039999999999999	0.606615
1.105	0.606943
1.1059999999999999	0.607273
1.107	0.607598
1.1079999999999999	0.607926
1.109	0.608251
1.1099999999999999	0.608579
1.111	0.608904
1.1119999999999999	0.609228
1.113	0.609555
1.1139999999999999	0.609879
1.115	0.610205
1.1159999999999999	0.6105269999999999
1.117	0.610856
1.1179999999999999	0.611179
1.119	0.611503
1.1199999999999999	0.611827
1.121	0.612151
1.1219999999999999	0.6124729999999999
1.123	0.6127969999999999
1.1239999999999999	0.61312
1.125	0.613445
1.126	0.613768
1.127	0.6140909999999999
1.128	0.61441
1.129	0.6147349999999999
1.13	0.615055
1.131	0.6153759999999999
1.132	0.615699
1.133	0.616022
1.134	0.6163409999999999
1.135	0.6166659999999999
1.136	0.616985
1.137	0.617304
1.138	0.617626
1.139	0.617943
1.14	0.618262
1.141	0.618583
1.142	0.618904
1.143	0.6192219999999999
1.144	0.6195379999999999
1.145	0.619858
1.146	0.620177
1.147	0.6204959999999999
1.148	0.620813
1.149	0.6211329999999999
1.15	0.62145
1.151	0.6217659999999999
1.152	0.622087
1.153	0.6224
1.154	0.622719
1.155	0.6230359999999999
1.156	0.623351
1.157	0.623667
1.158	0.623984
1.159	0.6242989999999999
1.16	0.624616
1.161	0.624933
1.162	0.625246
1.163	0.625562
1.164	0.6258739999999999
1.165	0.62619
1.166	0.626504
1.167	0.626819
1.168	0.6271329999999999
1.169	0.627448
1.17	0.62776
1.171	0.628073
1.172	0.628388
1.173	0.628698
1.174	0.629011
1.175	0.629325
1.176	0.629637
1.177	0.62995
1.178	0.630262
1.179	0.6305689999999999
1.18	0.630883
1.181	0.6311939999999999
1.182	0.631506
1.183	0.6318159999999999
1.184	0.6321289999999999
1.185	0.632438
1.186	0.632748
1.187	0.633061
1.188	0.6333679999999999
1.189	0.633678
1.19	0.633987
1.1909999999999998	0.6342979999999999
1.192	0.6346069999999999
1.1929999999999998	0.634915
1.194	0.635223
1.1949999999999998	0.635532
1.196	0.635841
1.1969999999999998	0.636147
1.198	0.6364569999999999
1.1989999999999998	0.636765
1.2	0.637072
1.2009999999999998	0.637378
1.202	0.637685
1.2029999999999998	0.637992
1.204	0.6383
1.2049999999999998	0.638608
1.206	0.6389159999999999
1.2069999999999999	0.639223
1.208	0.639527
1.2089999999999999	0.639833
1.21	0.640138
1.2109999999999999	0.640444
1.212	0.640749
1.2129999999999999	0.641054
1.214	0.641358
1.2149999999999999	0.641662
1.216	0.641967
1.2169999999999999	0.6422709999999999
1.218	0.642573
1.2189999999999999	0.642876
1.22	0.6431819999999999
1.2209999999999999	0.643486
1.222	0.643791
1.2229999999999999	0.644095
1.224	0.6443949999999999
1.2249999999999999	0.644697
1.226	0.644999
1.2269999999999999	0.645303
1.228	0.645605
1.2289999999999999	0.645907
1.23	0.646207
1.2309999999999999	0.6465099999999999
1.232	0.64681
1.2329999999999999	0.647112
1.234	0.647412
1.2349999999999999	0.647714
1.236	0.6480119999999999
1.2369999999999999	0.648316
1.238	0.648616
1.2389999999999999	0.6489159999999999
1.24	0.649216
1.2409999999999999	0.649515
1.242	0.649814
1.2429999999999999	0.6501129999999999
1.244	0.650411
1.2449999999999999	0.65071
1.246	0.65101
1.2469999999999999	0.651307
1.248	0.651605
1.2489999999999999	0.651905
1.25	0.6522009999999999
1.251	0.652498
1.252	0.6527959999999999
1.253	0.653094
1.254	0.653392
1.255	0.6536879999999999
1.256	0.653986
1.257	0.6542819999999999
1.258	0.654578
1.259	0.654875
1.26	0.655172
1.261	0.655467
1.262	0.6557609999999999
1.263	0.6560579999999999
1.264	0.6563519999999999
1.265	0.6566489999999999
1.266	0.656945
1.267	0.657239
1.268	0.657534
1.269	0.6578269999999999
1.27	0.658122
1.271	0.658416
1.272	0.658708
1.273	0.659005
1.274	0.659297
1.275	0.6595909999999999
1.276	0.6598839999999999
1.277	0.660175
1.278	0.660466
1.279	0.66076
1.28	0.661052
1.281	0.661345
1.282	0.661639
1.283	0.661929
1.284	0.662221
1.285	0.662512
1.286	0.662802
1.287	0.6630929999999999
1.288	0.6633859999999999
1.289	0.663677
1.29	0.66397
1.291	0.6642589999999999
1.292	0.664549
1.293	0.664837
1.294	0.6651279999999999
1.295	0.6654209999999999
1.296	0.6657069999999999
1.297	0.665998
1.298	0.666287
1.299	0.666576
1.3	0.666866
1.301	0.667152
1.302	0.6674399999999999
1.303	0.6677299999999999
1.304	0.668018
1.305	0.6683049999999999
1.306	0.6685909999999999
1.307	0.6688799999999999
1.308	0.669165
1.309	0.669455
1.3099999999999998	0.669742
1.311	0.670029
1.3119999999999998	0.6703129999999999
1.313	0.6706
1.3139999999999998	0.670887
1.315	0.671176
1.3159999999999998	0.67146
1.317	0.6717449999999999
1.3179999999999998	0.6720309999999999
1.319	0.672316
1.3199999999999998	0.6726
1.321	0.672889
1.3219999999999998	0.673172
1.323	0.6734559999999999
1.3239999999999998	0.6737409999999999
1.325	0.6740269999999999
1.3259999999999998	0.67431
1.327	0.674595
1.3279999999999998	0.674877
1.329	0.6751619999999999
1.3299999999999998	0.675446
1.331	0.675727
1.3319999999999999	0.676009
1.333	0.676296
1.3339999999999999	0.676577
1.335	0.676858
1.3359999999999999	0.677144
1.337	0.6774239999999999
1.3379999999999999	0.677707
1.339	0.677986
1.3399999999999999	0.678269
1.341	0.678551
1.3419999999999999	0.678832
1.343	0.679114
1.3439999999999999	0.679395
1.345	0.6796789999999999
1.3459999999999999	0.679958
1.347	0.680237
1.3479999999999999	0.680518
1.349	0.680798
1.3499999999999999	0.68108
1.351	0.68136
1.3519999999999999	0.681639
1.353	0.681918
1.3539999999999999	0.682198
1.355	0.682477
1.3559999999999999	0.682754
1.357	0.683035
1.3579999999999999	0.6833119999999999
1.359	0.6835899999999999
1.3599999999999999	0.6838719999999999
1.361	0.684148
1.3619999999999999	0.684426
1.363	0.684704
1.3639999999999999	0.684981
1.365	0.685259
1.3659999999999999	0.685538
1.367	0.685813
1.3679999999999999	0.686091
1.369	0.6863699999999999
1.3699999999999999	0.686645
1.371	0.6869219999999999
1.3719999999999999	0.6871999999999999
1.373	0.687476
1.3739999999999999	0.687751
1.375	0.688028
1.376	0.688303
1.377	0.68858
1.378	0.688856
1.379	0.68913
1.38	0.689406
1.381	0.689684
1.382	0.689955
1.383	0.69023
1.384	0.690503
1.385	0.690777
1.386	0.691052
1.387	0.691326
1.388	0.691599
1.389	0.6918719999999999
1.39	0.6921459999999999
1.391	0.6924199999999999
1.392	0.692692
1.393	0.6929649999999999
1.394	0.693237
1.395	0.6935129999999999
1.396	0.6937829999999999
1.397	0.694055
1.398	0.694328
1.399	0.694599
1.4	0.694873
1.401	0.6951419999999999
1.402	0.695414
1.403	0.695684
1.404	0.695959
1.405	0.696229
1.406	0.696498
1.407	0.696769
1.408	0.69704
1.409	0.6973079999999999
1.41	0.697579
1.411	0.69785
1.412	0.698122
1.413	0.698391
1.414	0.698658
1.415	0.6989299999999999
1.416	0.699198
1.417	0.699468
1.418	0.699735
1.419	0.7000069999999999
1.42	0.700274
1.421	0.700542
1.422	0.700812
1.423	0.701081
1.424	0.701348
1.425	0.701616
1.426	0.7018829999999999
1.427	0.7021499999999999
1.428	0.7024159999999999
1.4289999999999998	0.702681
1.43	0.702952
1.4309999999999998	0.7032189999999999
1.432	0.7034849999999999
1.4329999999999998	0.703753
1.434	0.704019
1.4349999999999998	0.704286
1.436	0.70455
1.4369999999999998	0.704818
1.438	0.7050839999999999
1.4389999999999998	0.705349
1.44	0.705614
1.4409999999999998	0.70588
1.442	0.706145
1.4429999999999998	0.706409
1.444	0.706673
1.4449999999999998	0.706938
1.446	0.707202
1.4469999999999998	0.707467
1.448	0.7077319999999999
1.4489999999999998	0.7079949999999999
1.45	0.7082609999999999
1.4509999999999998	0.7085239999999999
1.452	0.708789
1.4529999999999998	0.70905
1.454	0.709316
1.4549999999999998	0.709579
1.456	0.709842
1.4569999999999999	0.710105
1.458	0.710368
1.4589999999999999	0.7106279999999999
1.46	0.710892
1.4609999999999999	0.711155
1.462	0.711417
1.4629999999999999	0.71168
1.464	0.71194
1.4649999999999999	0.7122029999999999
1.466	0.712464
1.4669999999999999	0.712722
1.468	0.712986
1.4689999999999999	0.713249
1.47	0.713507
1.4709999999999999	0.71377
1.472	0.7140289999999999
1.4729999999999999	0.714291
1.474	0.71455
1.4749999999999999	0.714812
1.476	0.71507
1.4769999999999999	0.7153309999999999
1.478	0.7155889999999999
1.4789999999999999	0.7158479999999999
1.48	0.716108
1.4809999999999999	0.716368
1.482	0.716625
1.4829999999999999	0.7168859999999999
1.484	0.717146
1.4849999999999999	0.717403
1.486	0.717662
1.4869999999999999	0.717922
1.488	0.7181799999999999
1.4889999999999999	0.718436
1.49	0.7186929999999999
1.4909999999999999	0.7189519999999999
1.492	0.719209
1.4929999999999999	0.7194659999999999
1.494	0.7197239999999999
1.4949999999999999	0.719982
1.496	0.72024
1.4969999999999999	0.720494
1.498	0.7207509999999999
1.4989999999999999	0.721009
1.5	0.721266
1.501	0.721518
1.502	0.721777
1.503	0.7220329999999999
1.504	0.72229
1.505	0.722544
1.506	0.722797
1.507	0.723055
1.508	0.72331
1.509	0.723567
1.51	0.7238209999999999
1.511	0.724077
1.512	0.724332
1.513	0.724586
1.514	0.724839
1.515	0.725092
1.516	0.725347
1.517	0.725602
1.518	0.7258549999999999
1.519	0.726107
1.52	0.726362
1.521	0.7266159999999999
1.522	0.72687
1.523	0.7271219999999999
1.524	0.727374
1.525	0.727629
1.526	0.727883
1.527	0.728135
1.528	0.728385
1.529	0.728636
1.53	0.7288899999999999
1.531	0.729143
1.532	0.729393
1.533	0.729645
1.534	0.7298979999999999
1.535	0.730151
1.536	0.730399
1.537	0.730653
1.538	0.7309019999999999
1.539	0.731154
1.54	0.7314039999999999
1.541	0.7316539999999999
1.542	0.731906
1.543	0.732155
1.544	0.7324039999999999
1.545	0.732656
1.546	0.7329049999999999
1.547	0.733154
1.5479999999999998	0.7334029999999999
1.549	0.7336509999999999
1.5499999999999998	0.733903
1.551	0.7341519999999999
1.5519999999999998	0.7343999999999999
1.553	0.7346509999999999
1.5539999999999998	0.7349
1.555	0.7351449999999999
1.5559999999999998	0.735397
1.557	0.7356429999999999
1.5579999999999998	0.735891
1.559	0.736139
1.5599999999999998	0.736387
1.561	0.736634
1.5619999999999998	0.736884
1.563	0.73713
1.5639999999999998	0.737378
1.565	0.737626
1.5659999999999998	0.737872
1.567	0.7381179999999999
1.5679999999999998	0.738364
1.569	0.738611
1.5699999999999998	0.7388589999999999
1.571	0.739105
1.5719999999999998	0.739352
1.573	0.739599
1.5739999999999998	0.739844
1.575	0.7400909999999999
1.5759999999999998	0.740335
1.577	0.7405809999999999
1.5779999999999998	0.7408239999999999
1.579	0.741069
1.5799999999999998	0.741316
1.581	0.7415619999999999
1.5819999999999999	0.741807
1.583	0.742051
1.5839999999999999	0.7422949999999999
1.585	0.742539
1.5859999999999999	0.742783
1.587	0.743028
1.5879999999999999	0.7432719999999999
1.589	0.743517
1.5899999999999999	0.7437579999999999
1.591	0.7440009999999999
1.5919999999999999	0.744246
1.593	0.74449
1.5939999999999999	0.744732
1.595	0.7449749999999999
1.5959999999999999	0.7452179999999999
1.597	0.745463
1.5979999999999999	0.7457039999999999
1.599	0.7459469999999999
1.5999999999999999	0.7461909999999999
1.601	0.746433
1.6019999999999999	0.7466729999999999
1.603	0.7469159999999999
1.6039999999999999	0.747158
1.605	0.7474
1.6059999999999999	0.747641
1.607	0.7478819999999999
1.6079999999999999	0.748123
1.609	0.748366
1.6099999999999999	0.748605
1.611	0.7488469999999999
1.6119999999999999	0.7490859999999999
1.613	0.749328
1.6139999999999999	0.7495689999999999
1.615	0.74981
1.6159999999999999	0.7500519999999999
1.617	0.750288
1.6179999999999999	0.7505299999999999
1.619	0.750769
1.6199999999999999	0.75101
1.621	0.7512479999999999
1.6219999999999999	0.751487
1.623	0.751726
1.6239999999999999	0.7519659999999999
1.625	0.752205
1.626	0.752444
1.627	0.752683
1.628	0.752923
1.629	0.753158
1.63	0.753398
1.631	0.753639
1.632	0.753876
1.633	0.754114
1.634	0.7543519999999999
1.635	0.75459
1.636	0.754825
1.637	0.755064
1.638	0.755301
1.639	0.75554
1.64	0.755776
1.641	0.756014
1.642	0.756255
1.643	0.756489
1.644	0.756725
1.645	0.756961
1.646	0.7571979999999999
1.647	0.7574339999999999
1.648	0.75767
1.649	0.757906
1.65	0.758142
1.651	0.7583789999999999
1.652	0.758612
1.653	0.758848
1.654	0.7590819999999999
1.655	0.75932
1.656	0.7595529999999999
1.657	0.75979
1.658	0.7600239999999999
1.659	0.7602599999999999
1.66	0.760494
1.661	0.7607269999999999
1.662	0.760963
1.663	0.761197
1.664	0.7614299999999999
1.665	0.761664
1.666	0.761896
1.6669999999999998	0.762131
1.668	0.762363
1.6689999999999998	0.762597
1.67	0.762832
1.6709999999999998	0.763065
1.672	0.763299
1.6729999999999998	0.763532
1.674	0.7637619999999999
1.6749999999999998	0.763995
1.676	0.764228
1.6769999999999998	0.7644599999999999
1.678	0.764693
1.6789999999999998	0.7649239999999999
1.68	0.7651549999999999
1.6809999999999998	0.765388
1.682	0.765621
1.6829999999999998	0.765852
1.684	0.766081
1.6849999999999998	0.7663139999999999
1.686	0.766548
1.6869999999999998	0.766778
1.688	0.76701
1.6889999999999998	0.767241
1.69	0.767473
1.6909999999999998	0.767702
1.692	0.767934
1.6929999999999998	0.768164
1.694	0.768392
1.6949999999999998	0.768624
1.696	0.7688539999999999
1.6969999999999998	0.769085
1.698	0.7693129999999999
1.6989999999999998	0.769542
1.7	0.7697729999999999
1.7009999999999998	0.77
1.702	0.7702279999999999
1.7029999999999998	0.770458
1.704	0.770689
1.7049999999999998	0.7709199999999999
1.706	0.7711469999999999
1.7069999999999999	0.771374
1.708	0.7716029999999999
1.7089999999999999	0.771833
1.71	0.772061
1.7109999999999999	0.772288
1.712	0.772516
1.7129999999999999	0.772743
1.714	0.7729729999999999
1.7149999999999999	0.7732
1.716	0.7734289999999999
1.7169999999999999	0.773654
1.718	0.77388
1.7189999999999999	0.77411
1.72	0.7743369999999999
1.7209999999999999	0.774562
1.722	0.774789
1.7229999999999999	0.775018
1.724	0.775247
1.7249999999999999	0.77547
1.726	0.775698
1.7269999999999999	0.775924
1.728	0.776149
1.7289999999999999	0.7763749999999999
1.73	0.7766029999999999
1.7309999999999999	0.7768269999999999
1.732	0.777052
1.7329999999999999	0.777277
1.734	0.777504
1.7349999999999999	0.777729
1.736	0.777955
1.7369999999999999	0.778179
1.738	0.778404
1.7389999999999999	0.778629
1.74	0.778852
1.7409999999999999	0.7790779999999999
1.742	0.779303
1.7429999999999999	0.7795249999999999
1.744	0.7797499999999999
1.7449999999999999	0.779976
1.746	0.780198
1.7469999999999999	0.780426
1.748	0.7806489999999999
1.7489999999999999	0.780871
1.75	0.781095
1.751	0.7813169999999999
1.752	0.781539
1.753	0.7817649999999999
1.754	0.781987
1.755	0.78221
1.756	0.782434
1.757	0.782656
1.758	0.7828799999999999
1.759	0.7831039999999999
1.76	0.7833239999999999
1.761	0.783547
1.762	0.783771
1.763	0.783991
1.764	0.7842119999999999
1.765	0.784434
1.766	0.7846569999999999
1.767	0.784879
1.768	0.7850999999999999
1.769	0.785322
1.77	0.785543
1.771	0.785764
1.772	0.7859849999999999
1.773	0.786206
1.774	0.786426
1.775	0.786646
1.776	0.786866
1.777	0.787087
1.778	0.787308
1.779	0.787526
1.78	0.787747
1.781	0.787967
1.782	0.788187
1.783	0.7884059999999999
1.784	0.7886249999999999
1.785	0.788848
1.7859999999999998	0.789067
1.787	0.789284
1.7879999999999998	0.789504
1.789	0.789721
1.7899999999999998	0.789941
1.791	0.79016
1.7919999999999998	0.7903789999999999
1.793	0.790597
1.7939999999999998	0.790817
1.795	0.791034
1.7959999999999998	0.791253
1.797	0.7914709999999999
1.7979999999999998	0.791689
1.799	0.791906
1.7999999999999998	0.792125
1.801	0.792341
1.8019999999999998	0.792557
1.803	0.7927759999999999
1.8039999999999998	0.792993
1.805	0.79321
1.8059999999999998	0.7934279999999999
1.807	0.793646
1.8079999999999998	0.79386
1.809	0.794079
1.8099999999999998	0.794294
1.811	0.794511
1.8119999999999998	0.7947259999999999
1.813	0.7949459999999999
1.8139999999999998	0.795161
1.815	0.7953779999999999
1.8159999999999998	0.795592
1.817	0.795808
1.8179999999999998	0.796024
1.819	0.7962389999999999
1.8199999999999998	0.7964559999999999
1.821	0.7966719999999999
1.8219999999999998	0.796886
1.823	0.797102
1.8239999999999998	0.7973169999999999
1.825	0.797532
1.8259999999999998	0.797747
1.827	0.7979609999999999
1.8279999999999998	0.798176
1.829	0.798391
1.8299999999999998	0.798605
1.831	0.798821
1.8319999999999999	0.7990339999999999
1.833	0.7992469999999999
1.8339999999999999	0.799461
1.835	0.799674
1.8359999999999999	0.7998879999999999
1.837	0.800102
1.8379999999999999	0.8003159999999999
1.839	0.8005289999999999
1.8399999999999999	0.800742
1.841	0.8009529999999999
1.8419999999999999	0.8011699999999999
1.843	0.8013819999999999
1.8439999999999999	0.801595
1.845	0.8018069999999999
1.8459999999999999	0.802021
1.847	0.802233
1.8479999999999999	0.802445
1.849	0.8026559999999999
1.8499999999999999	0.8028689999999999
1.851	0.803083
1.8519999999999999	0.803292
1.853	0.8035049999999999
1.8539999999999999	0.803717
1.855	0.8039299999999999
1.8559999999999999	0.80414
1.857	0.804352
1.8579999999999999	0.8045629999999999
1.859	0.8047759999999999
1.8599999999999999	0.804986
1.861	0.8051969999999999
1.8619999999999999	0.805407
1.863	0.80562
1.8639999999999999	0.8058299999999999
1.865	0.80604
1.8659999999999999	0.8062509999999999
1.867	0.8064589999999999
1.8679999999999999	0.806672
1.869	0.8068799999999999
1.8699999999999999	0.807091
1.871	0.8073
1.8719999999999999	0.80751
1.873	0.8077219999999999
1.8739999999999999	0.807932
1.875	0.808141
1.876	0.808348
1.877	0.80856
1.878	0.8087679999999999
1.879	0.8089759999999999
1.88	0.809187
1.881	0.809395
1.882	0.8096049999999999
1.883	0.809812
1.884	0.8100229999999999
1.885	0.8102309999999999
1.886	0.810438
1.887	0.810647
1.888	0.810855
1.889	0.811064
1.89	0.811272
1.891	0.811479
1.892	0.811686
1.893	0.811893
1.894	0.812102
1.895	0.8123079999999999
1.896	0.812516
1.897	0.812724
1.898	0.812929
1.899	0.8131379999999999
1.9	0.8133429999999999
1.901	0.813553
1.902	0.8137599999999999
1.903	0.813966
1.904	0.814172
1.9049999999999998	0.814379
1.906	0.814585
1.9069999999999998	0.814789
1.908	0.814997
1.9089999999999998	0.8152039999999999
1.91	0.815407
1.9109999999999998	0.8156129999999999
1.912	0.815819
1.9129999999999998	0.816025
1.914	0.8162309999999999
1.9149999999999998	0.8164359999999999
1.916	0.8166399999999999
1.9169999999999998	0.816846
1.918	0.8170499999999999
1.9189999999999998	0.817257
1.92	0.817461
1.9209999999999998	0.817665
1.922	0.81787
1.9229999999999998	0.8180729999999999
1.924	0.81828
1.9249999999999998	0.8184819999999999
1.926	0.8186859999999999
1.9269999999999998	0.818894
1.928	0.8190959999999999
1.9289999999999998	0.8192999999999999
1.93	0.819504
1.9309999999999998	0.819708
1.932	0.819911
1.9329999999999998	0.820114
1.934	0.8203159999999999
1.9349999999999998	0.8205199999999999
1.936	0.820724
1.9369999999999998	0.8209259999999999
1.938	0.821128
1.9389999999999998	0.821332
1.94	0.8215359999999999
1.9409999999999998	0.8217399999999999
1.942	0.82194
1.9429999999999998	0.822143
1.944	0.8223459999999999
1.9449999999999998	0.8225469999999999
1.946	0.8227479999999999
1.9469999999999998	0.822951
1.948	0.823155
1.9489999999999998	0.823352
1.95	0.823557
1.9509999999999998	0.8237589999999999
1.952	0.823963
1.9529999999999998	0.824164
1.954	0.824365
1.9549999999999998	0.824568
1.956	0.8247669999999999
1.9569999999999999	0.8249679999999999
1.958	0.825168
1.9589999999999999	0.825371
1.96	0.8255699999999999
1.9609999999999999	0.82577
1.962	0.825973
1.9629999999999999	0.826171
1.964	0.826372
1.9649999999999999	0.826572
1.966	0.826773
1.9669999999999999	0.826974
1.968	0.827175
1.9689999999999999	0.8273729999999999
1.97	0.827573
1.9709999999999999	0.827772
1.972	0.8279719999999999
1.9729999999999999	0.8281689999999999
1.974	0.828371
1.9749999999999999	0.828571
1.976	0.828768
1.9769999999999999	0.828967
1.978	0.829167
1.9789999999999999	0.829364
1.98	0.8295619999999999
1.9809999999999999	0.829766
1.982	0.829963
1.9829999999999999	0.830162
1.984	0.830359
1.9849999999999999	0.830557
1.986	0.8307549999999999
1.9869999999999999	0.8309529999999999
1.988	0.831152
1.9889999999999999	0.831351
1.99	0.831548
1.9909999999999999	0.831746
1.992	0.831942
1.9929999999999999	0.8321379999999999
1.994	0.8323379999999999
1.9949999999999999	0.8325349999999999
1.996	0.8327319999999999
1.9969999999999999	0.83293
1.998	0.833128
1.9989999999999999	0.8333229999999999
2.0	0.8335199999999999
2.001	0.833716
2.002	0.833915
2.003	0.8341109999999999
2.004	0.834305
2.005	0.8345039999999999
2.006	0.8347009999999999
2.007	0.834896
2.008	0.835093
2.009	0.835287
2.01	0.8354849999999999
2.011	0.83568
2.012	0.8358749999999999
2.013	0.8360719999999999
2.014	0.836266
2.015	0.836461
2.016	0.83666
2.017	0.836853
2.018	0.8370489999999999
2.019	0.837243
2.02	0.83744
2.021	0.837633
2.022	0.837827
2.0229999999999997	0.8380219999999999
2.024	0.838217
2.025	0.8384119999999999
2.026	0.838606
2.0269999999999997	0.8388019999999999
2.028	0.8389949999999999
2.029	0.83919
2.03	0.839382
2.0309999999999997	0.8395769999999999
2.032	0.839773
2.033	0.839965
2.034	0.8401569999999999
2.0349999999999997	0.840352
2.036	0.840546
2.037	0.8407399999999999
2.038	0.840932
2.0389999999999997	0.841125
2.04	0.841318
2.041	0.841511
2.042	0.841703
2.0429999999999997	0.841895
2.044	0.842089
2.045	0.842281
2.046	0.842474
2.0469999999999997	0.8426659999999999
2.048	0.8428589999999999
2.049	0.84305
2.05	0.8432419999999999
2.0509999999999997	0.843434
2.052	0.843626
2.053	0.843818
2.054	0.844011
2.0549999999999997	0.844202
2.056	0.8443959999999999
2.057	0.844584
2.058	0.844777
2.0589999999999997	0.84497
2.06	0.8451599999999999
2.061	0.845351
2.062	0.845541
2.0629999999999997	0.8457319999999999
2.064	0.8459249999999999
2.065	0.846116
2.066	0.846305
2.0669999999999997	0.846495
2.068	0.846684
2.069	0.846876
2.07	0.847067
2.0709999999999997	0.847256
2.072	0.847445
2.073	0.847636
2.074	0.847827
2.0749999999999997	0.8480169999999999
2.076	0.848206
2.077	0.848397
2.078	0.848587
2.0789999999999997	0.848776
2.08	0.848962
2.081	0.8491519999999999
2.082	0.84934
2.0829999999999997	0.849533
2.084	0.8497199999999999
2.085	0.8499099999999999
2.086	0.8500979999999999
2.0869999999999997	0.850289
2.088	0.850474
2.089	0.850663
2.09	0.8508519999999999
2.0909999999999997	0.8510399999999999
2.092	0.851228
2.093	0.851416
2.094	0.851605
2.0949999999999998	0.851792
2.096	0.8519819999999999
2.097	0.852171
2.098	0.852358
2.0989999999999998	0.852544
2.1	0.8527319999999999
2.101	0.852919
2.102	0.853109
2.1029999999999998	0.853293
2.104	0.853479
2.105	0.853667
2.106	0.853854
2.1069999999999998	0.8540439999999999
2.108	0.854228
2.109	0.854416
2.11	0.854602
2.1109999999999998	0.854788
2.112	0.8549749999999999
2.113	0.855162
2.114	0.855348
2.1149999999999998	0.8555349999999999
2.116	0.8557199999999999
2.117	0.855908
2.118	0.8560949999999999
2.1189999999999998	0.856279
2.12	0.856464
2.121	0.856652
2.122	0.8568359999999999
2.1229999999999998	0.857023
2.124	0.8572069999999999
2.125	0.857394
2.126	0.8575769999999999
2.127	0.857761
2.128	0.85795
2.129	0.8581329999999999
2.13	0.858317
2.131	0.858502
2.132	0.858688
2.133	0.858872
2.134	0.8590559999999999
2.135	0.8592409999999999
2.136	0.859425
2.137	0.859609
2.138	0.8597929999999999
2.139	0.859976
2.14	0.8601599999999999
2.141	0.8603459999999999
2.142	0.860529
2.143	0.8607119999999999
2.1439999999999997	0.8608969999999999
2.145	0.8610829999999999
2.146	0.861265
2.147	0.8614489999999999
2.1479999999999997	0.861632
2.149	0.861814
2.15	0.861997
2.151	0.862182
2.1519999999999997	0.8623639999999999
2.153	0.862545
2.154	0.862729
2.155	0.862912
2.1559999999999997	0.863095
2.157	0.8632759999999999
2.158	0.86346
2.159	0.8636429999999999
2.1599999999999997	0.8638279999999999
2.161	0.8640089999999999
2.162	0.86419
2.163	0.864371
2.1639999999999997	0.8645539999999999
2.165	0.864736
2.166	0.8649169999999999
2.167	0.8650979999999999
2.1679999999999997	0.8652799999999999
2.169	0.8654609999999999
2.17	0.8656429999999999
2.171	0.865825
2.1719999999999997	0.8660059999999999
2.173	0.866186
2.174	0.866369
2.175	0.866549
2.1759999999999997	0.8667309999999999
2.177	0.866911
2.178	0.867093
2.179	0.8672719999999999
2.1799999999999997	0.867451
2.181	0.867632
2.182	0.867814
2.183	0.8679939999999999
2.1839999999999997	0.868174
2.185	0.8683559999999999
2.186	0.868535
2.187	0.868715
2.1879999999999997	0.8688939999999999
2.189	0.869076
2.19	0.8692559999999999
2.191	0.869437
2.1919999999999997	0.8696149999999999
2.193	0.8697929999999999
2.194	0.8699739999999999
2.195	0.870153
2.1959999999999997	0.870332
2.197	0.870512
2.198	0.870691
2.199	0.870869
2.1999999999999997	0.871047
2.201	0.871228
2.202	0.8714069999999999
2.203	0.8715839999999999
2.2039999999999997	0.871763
2.205	0.871942
2.206	0.8721209999999999
2.207	0.8722979999999999
2.2079999999999997	0.8724759999999999
2.209	0.872655
2.21	0.872833
2.211	0.87301
2.2119999999999997	0.873189
2.213	0.873367
2.214	0.873545
2.215	0.873722
2.2159999999999997	0.8739
2.217	0.874076
2.218	0.874255
2.219	0.874431
2.2199999999999998	0.87461
2.221	0.874786
2.222	0.874964
2.223	0.875139
2.2239999999999998	0.8753179999999999
2.225	0.875494
2.226	0.875671
2.227	0.875848
2.2279999999999998	0.876027
2.229	0.876201
2.23	0.876377
2.231	0.8765539999999999
2.2319999999999998	0.876732
2.233	0.876906
2.234	0.877081
2.235	0.8772599999999999
2.2359999999999998	0.877435
2.237	0.8776109999999999
2.238	0.877786
2.239	0.8779629999999999
2.2399999999999998	0.878138
2.241	0.8783139999999999
2.242	0.878489
2.243	0.878663
2.2439999999999998	0.878841
2.245	0.879018
2.246	0.879192
2.247	0.879365
2.2479999999999998	0.8795409999999999
2.249	0.879717
2.25	0.8798889999999999
2.251	0.880065
2.252	0.8802409999999999
2.253	0.880415
2.254	0.880589
2.255	0.880763
2.256	0.880938
2.257	0.881112
2.258	0.881285
2.259	0.8814599999999999
2.26	0.881633
2.2609999999999997	0.8818079999999999
2.262	0.881981
2.263	0.8821559999999999
2.264	0.8823289999999999
2.2649999999999997	0.882502
2.266	0.8826759999999999
2.267	0.882852
2.268	0.8830239999999999
2.2689999999999997	0.883196
2.27	0.883369
2.271	0.883544
2.272	0.883716
2.2729999999999997	0.883888
2.274	0.8840629999999999
2.275	0.884235
2.276	0.8844069999999999
2.2769999999999997	0.8845799999999999
2.278	0.884752
2.279	0.884925
2.28	0.8850979999999999
2.2809999999999997	0.885269
2.282	0.885443
2.283	0.885614
2.284	0.885787
2.2849999999999997	0.8859579999999999
2.286	0.8861319999999999
2.287	0.886303
2.288	0.886474
2.2889999999999997	0.8866459999999999
2.29	0.886821
2.291	0.886992
2.292	0.8871629999999999
2.2929999999999997	0.887334
2.294	0.887505
2.295	0.8876769999999999
2.296	0.8878469999999999
2.2969999999999997	0.888018
2.298	0.8881899999999999
2.299	0.888361
2.3	0.8885299999999999
2.3009999999999997	0.8887039999999999
2.302	0.888872
2.303	0.889044
2.304	0.8892129999999999
2.3049999999999997	0.889385
2.306	0.889556
2.307	0.8897259999999999
2.308	0.8898959999999999
2.3089999999999997	0.8900659999999999
2.31	0.8902359999999999
2.311	0.890408
2.312	0.8905759999999999
2.3129999999999997	0.890748
2.314	0.8909159999999999
2.315	0.8910849999999999
2.316	0.8912559999999999
2.3169999999999997	0.8914259999999999
2.318	0.891597
2.319	0.891763
2.32	0.8919349999999999
2.3209999999999997	0.892104
2.322	0.892273
2.323	0.8924409999999999
2.324	0.8926109999999999
2.3249999999999997	0.8927799999999999
2.326	0.892948
2.327	0.893118
2.328	0.893285
2.3289999999999997	0.893455
2.33	0.893624
2.331	0.893791
2.332	0.89396
2.3329999999999997	0.8941279999999999
2.334	0.894296
2.335	0.894465
2.336	0.894633
2.3369999999999997	0.894802
2.338	0.8949699999999999
2.339	0.895137
2.34	0.8953059999999999
2.3409999999999997	0.8954719999999999
2.342	0.89564
2.343	0.895806
2.344	0.895975
2.3449999999999998	0.896142
2.346	0.8963089999999999
2.347	0.8964759999999999
2.348	0.8966449999999999
2.3489999999999998	0.8968119999999999
2.35	0.896979
2.351	0.897146
2.352	0.8973129999999999
2.3529999999999998	0.8974799999999999
2.354	0.897647
2.355	0.897814
2.356	0.897979
2.3569999999999998	0.898148
2.358	0.898312
2.359	0.898481
2.36	0.898647
2.3609999999999998	0.898814
2.362	0.89898
2.363	0.899146
2.364	0.8993129999999999
2.3649999999999998	0.8994789999999999
2.366	0.899643
2.367	0.8998109999999999
2.368	0.899975
2.3689999999999998	0.9001389999999999
2.37	0.9003059999999999
2.371	0.9004709999999999
2.372	0.9006369999999999
2.3729999999999998	0.900801
2.374	0.9009649999999999
2.375	0.901133
2.376	0.9013
2.377	0.901463
2.378	0.901627
2.379	0.901793
2.38	0.901959
2.381	0.902121
2.3819999999999997	0.902287
2.383	0.902453
2.384	0.9026179999999999
2.385	0.9027799999999999
2.3859999999999997	0.9029459999999999
2.387	0.90311
2.388	0.903276
2.389	0.903438
2.3899999999999997	0.9036029999999999
2.391	0.903766
2.392	0.903933
2.393	0.904096
2.3939999999999997	0.9042589999999999
2.395	0.904424
2.396	0.904585
2.397	0.904748
2.3979999999999997	0.9049149999999999
2.399	0.9050779999999999
2.4	0.9052399999999999
2.401	0.905403
2.4019999999999997	0.905566
2.403	0.905728
2.404	0.9058919999999999
2.405	0.906056
2.4059999999999997	0.9062199999999999
2.407	0.9063819999999999
2.408	0.906543
2.409	0.906706
2.4099999999999997	0.9068689999999999
2.411	0.907034
2.412	0.907195
2.413	0.907358
2.4139999999999997	0.90752
2.415	0.907682
2.416	0.907843
2.417	0.908006
2.4179999999999997	0.908168
2.419	0.908331
2.42	0.908492
2.421	0.908654
2.4219999999999997	0.9088149999999999
2.423	0.908978
2.424	0.90914
2.425	0.9093019999999999
2.4259999999999997	0.9094639999999999
2.427	0.909623
2.428	0.909787
2.429	0.909948
2.4299999999999997	0.910111
2.431	0.9102709999999999
2.432	0.9104319999999999
2.433	0.9105939999999999
2.4339999999999997	0.910754
2.435	0.910913
2.436	0.911075
2.437	0.9112349999999999
2.4379999999999997	0.911397
2.439	0.9115559999999999
2.44	0.9117179999999999
2.441	0.911878
2.4419999999999997	0.9120389999999999
2.443	0.9122
2.444	0.912361
2.445	0.9125209999999999
2.4459999999999997	0.912681
2.447	0.91284
2.448	0.9129999999999999
2.449	0.91316
2.4499999999999997	0.9133199999999999
2.451	0.9134789999999999
2.452	0.913638
2.453	0.9137989999999999
2.4539999999999997	0.9139569999999999
2.455	0.914117
2.456	0.914276
2.457	0.914435
2.4579999999999997	0.914596
2.459	0.914755
2.46	0.9149149999999999
2.461	0.9150739999999999
2.4619999999999997	0.915233
2.463	0.915391
2.464	0.915551
2.465	0.915708
2.4659999999999997	0.9158679999999999
2.467	0.9160269999999999
2.468	0.9161849999999999
2.469	0.9163439999999999
2.4699999999999998	0.9165019999999999
2.471	0.9166599999999999
2.472	0.9168179999999999
2.473	0.916978
2.4739999999999998	0.9171349999999999
2.475	0.9172929999999999
2.476	0.9174519999999999
2.477	0.917608
2.4779999999999998	0.9177649999999999
